/*
Navicat MySQL Data Transfer

Source Server         : vince
Source Server Version : 50624
Source Host           : localhost:3306
Source Database       : workload

Target Server Type    : MYSQL
Target Server Version : 50624
File Encoding         : 65001

Date: 2017-09-11 21:21:26
*/

SET FOREIGN_KEY_CHECKS=0;

-- ----------------------------
-- Table structure for `category`
-- ----------------------------
DROP TABLE IF EXISTS `category`;
CREATE TABLE `category` (
  `category_id` int(10) NOT NULL COMMENT '工作量条目id',
  `reviewer_id` int(11) DEFAULT NULL COMMENT '审核人编号',
  `name` varchar(45) NOT NULL COMMENT '工作量条目名称',
  `description` varchar(255) DEFAULT NULL COMMENT '工作量条目详细描述',
  `parent_id` int(11) NOT NULL COMMENT '所属上一级条目id，0为1级条目',
  `is_leaf` varchar(1) NOT NULL COMMENT '是否为叶子节点，0：否，1：是',
  `import_required` varchar(1) NOT NULL COMMENT '标识工作量是否为系统导入，0：手动申报（审核类），1：系统导入（复核类）',
  `json_parameters` text COMMENT '设置参数\n格式多组{name(参数名称,value)，key(参数符号)}',
  `formula` varchar(45) DEFAULT NULL COMMENT '计算工作量公式',
  `version` varchar(45) NOT NULL COMMENT '版本号，以学期形式展示（如：2016-2017-1）',
  `status` int(2) NOT NULL COMMENT '工作量条目状态，0：未提交（解锁），1：已提交（锁定），-1：disable（删除）',
  `review_deadline` int(11) NOT NULL COMMENT '审核截止时间',
  `apply_deadline` int(11) NOT NULL COMMENT '申报人申请/复核时限（默认审核人审核时限前48小时，审核人更改）',
  `other_json` text,
  `category_code` varchar(255) DEFAULT NULL COMMENT '规则编码',
  `is_single` int(2) NOT NULL DEFAULT '0' COMMENT '是否只能个人申报 1 是 0 否',
  `limit_workload` double NOT NULL DEFAULT '200' COMMENT '最大不超过工作量（最多可申请工作量）',
  PRIMARY KEY (`category_id`,`version`)
) ENGINE=InnoDB DEFAULT CHARSET=utf8 COMMENT='工作量类目表';

-- ----------------------------
-- Records of category
-- ----------------------------
INSERT INTO `category` VALUES ('1', null, '一、培养方案相关人才培养当量', '培养方案相关人才培养工作是指教师从事与学院人才培养方案相关的课程教学、实践教学等（由多位老师共同参与完成的项目，工作当量由该项工作负责人根据教师参与情况分配。）', '0', 'N', '2', '', '', '2017-2018-1', '1', '1517414400', '1517760000', '', '0-1', '0', '200');
INSERT INTO `category` VALUES ('2', null, '二、教研、教改等教学当量', '教研工作一般由多位老师共同参与完成，每位教师工作当量由该项工作负责人根据教师参与情况分配。', '0', 'N', '2', '', '', '2017-2018-1', '1', '1517414400', '1517760000', '', '0-2', '0', '200');
INSERT INTO `category` VALUES ('3', null, '三、年度人才培养服务当量', '人才服务培养工作是指教师从事本科、研究生人才培养的教学管理、服务等其他辅助性工作（由多位老师共同参与完成的项目，工作当量由该项工作负责人根据教师参与情况分配）', '0', 'N', '2', '', '', '2017-2018-1', '1', '1517414400', '1517760000', '', '0-3', '0', '200');
INSERT INTO `category` VALUES ('4', null, '四、其他', '', '0', 'N', '2', '', '', '2017-2018-1', '1', '1517414400', '1517760000', '', '0-4', '0', '200');
INSERT INTO `category` VALUES ('5', null, '1、本科生和研究生（含留学生、非全日制研究生）培养方案', '本科生和研究生（含留学生、非全日制研究生）培养方案', '1', 'N', '2', '', '', '2017-2018-1', '1', '1517414400', '1517760000', '', '0-1-5', '0', '200');
INSERT INTO `category` VALUES ('6', null, '2、培养方案规定课程的实践教学工作当量', '本科培养方案规定课程的实践教学工作当量', '1', 'N', '2', '', '', '2017-2018-1', '1', '1517414400', '1517760000', '', '0-1-6', '0', '200');
INSERT INTO `category` VALUES ('7', null, '3、学生工程科研能力培养辅助教学工作当量', '学生工程科研能力培养辅助教学工作当量', '1', 'N', '2', '', '', '2017-2018-1', '1', '1517414400', '1517760000', '', '0-1-7', '0', '200');
INSERT INTO `category` VALUES ('23', '3210343', '2.1 实验课程', '实验课时数等同理论教学。无教学责任事故，指导实验课×1.0，每位教师原则上不允许超过4个教学班。', '6', 'Y', '1', '[{\"desc\":\"实验课时\",\"symbol\":\"A\"}]', '1.0*A', '2017-2018-1', '1', '1517760000', '1517414400', '[{\"key\":\"课程名称\",\"value\":\"\"},{\"key\":\"课程编号\",\"value\":\"\"}]', '0-1-6-23', '0', '200');
INSERT INTO `category` VALUES ('24', '3210343', '2.2 课程设计', '指导人数×0.5，人数最多按30人计算', '6', 'Y', '1', '[{\"desc\":\"指导人数\",\"symbol\":\"A\"}]', '0.5*A', '2017-2018-1', '1', '1517760000', '1517414400', '[{\"key\":\"课程名称\",\"value\":\"\"},{\"key\":\"课程编号\",\"value\":\"\"},{\"key\":\"课程设计名称\",\"value\":\"\"}]', '0-1-6-24', '0', '15');
INSERT INTO `category` VALUES ('25', '3210343', '2.3 综合设计', '指导学生综合设计:项目(组)数*6,每位教师所带项目(组)数 (每个年级)最多按5组计算。(注:45岁以下青年教师原则上必须参与指导学生综合设计，且符合学院相关管理规定。)', '6', 'Y', '1', '[{\"desc\":\"指导学生组数\",\"symbol\":\"A\"}]', '6.0*A', '2017-2018-1', '1', '1517760000', '1517414400', '[{\"key\":\"课程名称\",\"value\":\"\"},{\"key\":\"课程编号\",\"value\":\"\"},{\"key\":\"综合设计课题名称\",\"value\":\"\"}]', '0-1-6-25', '0', '30');
INSERT INTO `category` VALUES ('26', '3210343', '2.4 本科毕业设计', '本科毕业设计：指导人数×5，每位老师所带人数不超过10人。(注：所有教师都应指导学生毕业设计，且符合学院相关管理规定。)', '6', 'Y', '1', '', '5.0', '2017-2018-1', '1', '1517760000', '1517414400', '[{\"key\":\"指导学生\",\"value\":\"\"},{\"key\":\"指导毕设课题\",\"value\":\"\"}]', '0-1-6-26', '0', '50');
INSERT INTO `category` VALUES ('27', '3210343', '1.1 教学工作量', '无教学责任事故，授课承担课时数×1.0。同一门课程学院原则上不允许一个教师承担多头上课。', '5', 'Y', '1', '[{\"desc\":\"授课学时\",\"symbol\":\"A\"}]', '1.0*A', '2017-2018-1', '1', '1517760000', '1517414400', '[{\"key\":\"课程名称\",\"value\":\"\"},{\"key\":\"课程编号\",\"value\":\"\"}]', '0-1-5-27', '0', '200');
INSERT INTO `category` VALUES ('28', '3210343', '1.2 教师助教', '教师助教（含企业课程助教）教学工作当量按授课课时数×0.3', '5', 'Y', '1', '[{\"desc\":\"授课学时\",\"symbol\":\"A\"}]', '0.3*A', '2017-2018-1', '0', '1517414400', '1517760000', '[{\"key\":\"课程名称\",\"value\":\"\"},{\"key\":\"课程编号\",\"value\":\"\"}]', '0-1-5-28', '0', '200');
INSERT INTO `category` VALUES ('29', '3210343', '2.5 研究生(含博士生)指导', '研究生（含博士生）指导：毕业人数 x 10', '6', 'Y', '1', '[{\"desc\":\"毕业人数\",\"symbol\":\"A\"}]', '10*A', '2017-2018-1', '1', '1517414400', '1517760000', '', '0-1-6-29', '0', '200');
INSERT INTO `category` VALUES ('30', null, '2.6 实习实训带队', '带队外出实习、实训：工作量按实际带队天数*4学时(外地)计算，实际带队天数*2学时(成都)计算。', '6', 'N', '2', '', '', '2017-2018-1', '1', '1517760000', '1517414400', '', '0-1-6-30', '0', '200');
INSERT INTO `category` VALUES ('31', '3210343', '2.7 企业实习指导', '本科生大三企业实习指导：指导人数 x2 ，每位教师所带人数最多按10人计算。', '6', 'Y', '1', '[{\"desc\":\"指导人数\",\"symbol\":\"A\"}]', '2*A', '2017-2018-1', '1', '1517414400', '1517760000', '', '0-1-6-31', '0', '20');
INSERT INTO `category` VALUES ('32', null, '1.3 暑期学堂', '暑期学堂等国际教师助教计算办法参见《信息与软件工程学院国际化课程管理办法（试行）》', '5', 'N', '2', '', '', '2017-2018-1', '1', '1517414400', '1517760000', '', '0-1-5-32', '0', '200');
INSERT INTO `category` VALUES ('33', null, '3.1 学生竞赛', '学生竞赛：对于团体赛，指导参赛队伍数 x 10；对于个人赛，指导参赛人数 x 4（注：对各类学生竞赛的指导，虽然报名或组队，但未参加竞赛或未完成竞赛作品的不计工作量。）单项竞赛本工作当量最多不超过30', '7', 'N', '2', '', '', '2017-2018-1', '1', '1517414400', '1517760000', '', '0-1-7-33', '0', '200');
INSERT INTO `category` VALUES ('34', null, '3.2 创新创业指导', '年度通过验收的指导省级以上大学生创新创业训练计划，项目数*10;获学校资助项目，项目数*7;获学院资助项目，项目数*5。', '7', 'N', '2', '', '', '2017-2018-1', '1', '1517414400', '1517760000', '', '0-1-7-34', '0', '200');
INSERT INTO `category` VALUES ('35', '3210343', '3.3 工程能力特训班', '特殊工程能力培训班，按实际学时计算工作量', '7', 'Y', '1', '[{\"desc\":\"实际学时数\",\"symbol\":\"A\"}]', '1*A', '2017-2018-1', '1', '1517760000', '1517414400', '[{\"key\":\"课程名称\",\"value\":\"\"},{\"key\":\"课程编号\",\"value\":\"\"}]', '0-1-7-35', '0', '200');
INSERT INTO `category` VALUES ('36', '3210343', '3.4 学生论文指导', '指导本科生发表高水平论文（SCI或EI杂志论文，本科生为第一作者），发表篇数 x 10.。要求上传杂志复印件', '7', 'Y', '1', '[{\"desc\":\"发表篇数\",\"symbol\":\"A\"}]', '10*A', '2017-2018-1', '1', '1517414400', '1517760000', '[{\"key\":\"论文名称\",\"value\":\"\"},{\"key\":\"发表杂志\",\"value\":\"\"},{\"key\":\"杂志级别\",\"value\":\"\"},{\"key\":\"指导学生\",\"value\":\"\"}]', '0-1-7-36', '0', '200');
INSERT INTO `category` VALUES ('37', null, '4、其他教学工作量', '其他教学工作量', '1', 'N', '2', '', '', '2017-2018-1', '1', '1517414400', '1517760000', '', '0-1-37', '0', '200');
INSERT INTO `category` VALUES ('38', '3210343', '4.1 继续教育课程', '学院安排的继续教育课程教学，无教学责任事故，授课课时数 x 0.5', '37', 'Y', '1', '[{\"desc\":\"课时数\",\"symbol\":\"A\"},{\"desc\":\"\",\"symbol\":\"\"},{\"desc\":\"\",\"symbol\":\"\"}]', '0.5*A', '2017-2018-1', '1', '1517414400', '1517760000', '[{\"key\":\"课程名称\",\"value\":\"\"},{\"key\":\"课程编号\",\"value\":\"\"}]', '0-1-37-38', '0', '200');
INSERT INTO `category` VALUES ('39', '3210343', '4.2 全校素质公选课', '经学院同意的全校素质公选课，无教学责任事故，授课课时数 x 0.5.', '37', 'Y', '1', '[{\"desc\":\"课时数\",\"symbol\":\"A\"}]', '0.5*A', '2017-2018-1', '1', '1517760000', '1517414400', '[{\"key\":\"课程名称\",\"value\":\"\"},{\"key\":\"课程编号\",\"value\":\"\"}]', '0-1-37-39', '0', '200');
INSERT INTO `category` VALUES ('40', '3210343', '4.3 学术讲座', '教师本人申请，教务科备案，学院教指委认定同意，按讲座实际学时数计算。', '37', 'Y', '1', '[{\"desc\":\"讲座学时\",\"symbol\":\"A\"}]', '1*A', '2017-2018-1', '1', '1517760000', '1517414400', '[{\"key\":\"讲座时间\",\"value\":\"\"},{\"key\":\"讲座地点\",\"value\":\"\"},{\"key\":\"讲座名称\",\"value\":\"\"}]', '0-1-37-40', '0', '200');
INSERT INTO `category` VALUES ('48', '3210343', '1 教学评审', '参与学院教师新开课、开新课教师是试讲的评审、学院教师培训的课程示范教学、学院每学期教学中期检查工作（包括师生交流等）。工作量按每次4个学时计算。', '3', 'Y', '0', '[{\"desc\":\"评审次数\",\"symbol\":\"A\"}]', '4*A', '2017-2018-1', '1', '1517760000', '1517414400', '[{\"key\":\"评审时间\",\"value\":\"\"},{\"key\":\"评审内容\",\"value\":\"\"}]', '0-3-48', '0', '200');
INSERT INTO `category` VALUES ('49', '3210343', '2 教学检查', '参与学院学期教学初期检查(课件、教案、讲义)、学院每学期课程期末试卷审查、学院课程教学大纲审定、学院定期专业培养方案审定工作。工作量按每人每门课程1个学时计算。', '3', 'Y', '1', '[{\"desc\":\"检查课程门数\",\"symbol\":\"A\"}]', '1*A', '2017-2018-1', '1', '1517414400', '1517760000', '[{\"key\":\"检查时间\",\"value\":\"\"},{\"key\":\"检查内容\",\"value\":\"\"}]', '0-3-49', '0', '200');
INSERT INTO `category` VALUES ('50', '3210343', '3 专家听课', '参与学院每学期课程评定专家听课工作。工作量按实际听课学时计算。', '3', 'Y', '1', '[{\"desc\":\"听课学时\",\"symbol\":\"A\"}]', '1*A', '2017-2018-1', '1', '1517760000', '1517414400', '[{\"key\":\"听课时间\",\"value\":\"\"},{\"key\":\"听课地点\",\"value\":\"\"},{\"key\":\"课程名称\",\"value\":\"\"}]', '0-3-50', '0', '200');
INSERT INTO `category` VALUES ('51', '3210343', '4 答辩及面试工作', '参与学院本科生校外实习实训的过程管理、学院本科生校外实习实训答辩、学院本科生毕业设计答辩、学院本科人才培养特区选拔面试等工作。工作量按每人每半天4学时计算', '3', 'Y', '1', '[{\"desc\":\"参与天数\",\"symbol\":\"A\"}]', '8*A', '2017-2018-1', '1', '1517414400', '1517760000', '[{\"key\":\"工作内容\",\"value\":\"\"}]', '0-3-51', '0', '200');
INSERT INTO `category` VALUES ('52', '3210343', '5 教学大纲修订', '课程负责人新增和修订教学大纲工作。工作量按照每门课4计算', '3', 'Y', '1', '[{\"desc\":\"修订大纲门数\",\"symbol\":\"A\"}]', '4*A', '2017-2018-1', '1', '1517760000', '1517414400', '[{\"key\":\"修订课程名称\",\"value\":\"\"}]', '0-3-52', '0', '200');
INSERT INTO `category` VALUES ('53', '3210343', '6 青年教师指导', '指导新青年教师教学工作。工作量按照每人每年10学时计算', '3', 'Y', '1', '[{\"desc\":\"指导人数\",\"symbol\":\"A\"}]', '10*A', '2017-2018-1', '1', '1517414400', '1517760000', '', '0-3-53', '0', '200');
INSERT INTO `category` VALUES ('54', null, '7 培养方案制定', '培养方案制定。培养方案大修按80学时/份，小修按40学时/份，全新制定160学时/份.方向计算', '3', 'N', '2', '', '', '2017-2018-1', '1', '1517760000', '1517414400', '', '0-3-54', '0', '200');
INSERT INTO `category` VALUES ('68', '3210343', '2.6.1 实习实训带队（外地）', '工作量按实际带队天数*4学时(外地)计算', '30', 'Y', '1', '[{\"desc\":\"带队天数\",\"symbol\":\"A\"}]', 'A*4.0', '2017-2018-1', '1', '1514390400', '1514649600', '[{\"key\":\"带队地点\",\"value\":\"\"}]', '0-1-6-30-68', '0', '200');
INSERT INTO `category` VALUES ('69', '3210343', '2.6.2 实习实训带队（成都）', '工作量实际带队天数*2学时(成都)计算', '30', 'Y', '1', '[{\"desc\":\"带队天数\",\"symbol\":\"A\"}]', '2*A', '2017-2018-1', '1', '1514390400', '1514649600', '[{\"key\":\"带队地点\",\"value\":\"\"}]', '0-1-6-30-69', '0', '200');
INSERT INTO `category` VALUES ('70', '3210343', '3.1.1 学生竟赛【团体赛】', '指导参赛队伍数*10(注：对各类学生竞赛的指导，虽然报名或组队，但未参加竞赛或未完成竞赛作品的不计工作量)。单项竞赛本工作当量最多不超过30。', '33', 'Y', '1', '[{\"desc\":\"指导参赛队伍数\",\"symbol\":\"A\"}]', 'A*10', '2017-2018-1', '1', '1514390400', '1514649600', '[{\"key\":\"竞赛名称\",\"value\":\"\"},{\"key\":\"竞赛级别\",\"value\":\"\"},{\"key\":\"获奖情况\",\"value\":\"\"}]', '0-1-7-33-70', '0', '30');
INSERT INTO `category` VALUES ('71', '3210343', '3.1.2 学生竞赛【个人赛】', '指导参赛人数*4(注：对各类学生竞赛的指导，虽然报名或组队，但未参加竞赛或未完成竞赛作品的不计工作量)。单项竞赛本工作当量最多不超过30。', '33', 'Y', '1', '[{\"desc\":\"指导参赛人数\",\"symbol\":\"A\"}]', 'A*4', '2017-2018-1', '1', '1514649600', '1514390400', '[{\"key\":\"竞赛名称\",\"value\":\"\"},{\"key\":\"竞赛级别\",\"value\":\"\"},{\"key\":\"获奖情况\",\"value\":\"\"}]', '0-1-7-33-71', '0', '30');
INSERT INTO `category` VALUES ('72', '3210343', '3.2.1 省级以上大学生创新创业训练计划指导', '年度通过验收的指导省级以上大学生创新创业训练计划，项目数*10', '34', 'Y', '1', '[{\"desc\":\"项目数\",\"symbol\":\"A\"}]', 'A*10', '2017-2018-1', '1', '1514390400', '1514649600', '[{\"key\":\"项目名称\",\"value\":\"\"}]', '0-1-7-34-72', '0', '200');
INSERT INTO `category` VALUES ('73', '3210343', '3.2.2 获学校资助的创新创业训练计划指导', '工作量按照奶年度通过验收的获学校资助项目，项目数*7;', '34', 'Y', '1', '[{\"desc\":\"项目数\",\"symbol\":\"A\"}]', 'A*7', '2017-2018-1', '1', '1514649600', '1514390400', '[{\"key\":\"项目名称\",\"value\":\"\"}]', '0-1-7-34-73', '0', '200');
INSERT INTO `category` VALUES ('74', '3210343', '3.2.3 获学院资助的创新创业训练计划指导', '工作量按照年度通过验收的获学院资助的项目数*5计算。', '34', 'Y', '1', '[{\"desc\":\"项目数\",\"symbol\":\"A\"}]', 'A*5', '2017-2018-1', '1', '1514390400', '1514649600', '[{\"key\":\"项目名称\",\"value\":\"\"}]', '0-1-7-34-74', '0', '200');
INSERT INTO `category` VALUES ('75', null, '1 教学、教研、教改成果奖(含教学竟赛)', '教学、教研、教改成果奖(含教学竟赛)', '2', 'N', '2', '', '', '2017-2018-1', '1', '1514390400', '1514649600', '', '0-2-75', '0', '200');
INSERT INTO `category` VALUES ('76', null, '1.1教学、教研、教改成果奖(含教学竟赛) 【个人赛】', '教师个人获校级奖，计20工作当量;省级奖再加40工作当量;国家级奖再加100工作当量。', '75', 'N', '2', '', '', '2017-2018-1', '1', '1514390400', '1514649600', '', '0-2-75-76', '0', '200');
INSERT INTO `category` VALUES ('77', '3210343', '1.1.1 教师个人获校级奖', '教师个人获校级奖，计20工作当量', '76', 'Y', '0', '[{\"desc\":\"校级奖个数\",\"symbol\":\"A\"}]', '20*A', '2017-2018-1', '1', '1514390400', '1514649600', '[{\"key\":\"奖项名称\",\"value\":\"\"},{\"key\":\"获奖项目\",\"value\":\"\"}]', '0-2-75-76-77', '1', '200');
INSERT INTO `category` VALUES ('78', '3210343', '1.1.2 教师个人获省级奖', '教师个人获省级奖，计40工作当量', '76', 'Y', '0', '[{\"desc\":\"省级奖个数\",\"symbol\":\"A\"}]', '40*B', '2017-2018-1', '1', '1514390400', '1514649600', '[{\"key\":\"奖项名称\",\"value\":\"\"},{\"key\":\"获奖项目\",\"value\":\"\"}]', '0-2-75-76-78', '1', '200');
INSERT INTO `category` VALUES ('79', '3210343', '1.1.3 教师个人获国家级奖', '教师个人国家级奖，计100工作当量', '76', 'Y', '0', '[{\"desc\":\"国家奖个数\",\"symbol\":\"A\"}]', '100*A', '2017-2018-1', '1', '1514390400', '1514649600', '[{\"key\":\"奖项名称\",\"value\":\"\"},{\"key\":\"获奖项目\",\"value\":\"\"}]', '0-2-75-76-79', '1', '200');
INSERT INTO `category` VALUES ('80', null, '1.2 教学、教研、教改成果奖(含教学竟赛) 【团体赛】', '团队获校级奖，每项80工作当量;同一项目获省部级奖的，每项再加120工作当量，获国家级奖的，每项再加200工作当量。', '75', 'N', '2', '', '', '2017-2018-1', '1', '1514390400', '1514649600', '', '0-2-75-80', '0', '200');
INSERT INTO `category` VALUES ('81', '3210343', '1.2.1 教师团体获校级奖', '团队获校级奖，每项80工作当量', '80', 'Y', '0', '[{\"desc\":\"校级奖个数\",\"symbol\":\"A\"}]', '80*A', '2017-2018-1', '1', '1514390400', '1514649600', '[{\"key\":\"奖项名称\",\"value\":\"\"},{\"key\":\"获奖项目\",\"value\":\"\"}]', '0-2-75-80-81', '0', '200');
INSERT INTO `category` VALUES ('82', '3210343', '1.2.2 教师团体获省部级奖', '团体获省部级奖，每项120工作当量', '80', 'Y', '0', '[{\"desc\":\"省级奖个数\",\"symbol\":\"A\"}]', '120*A', '2017-2018-1', '1', '1514390400', '1514649600', '[{\"key\":\"奖项名称\",\"value\":\"\"},{\"key\":\"获奖项目\",\"value\":\"\"}]', '0-2-75-80-82', '0', '200');
INSERT INTO `category` VALUES ('83', '3210343', '1.2.3 教师团体获国家级奖', '团体获国家级奖，每项200工作当量', '80', 'Y', '0', '[{\"desc\":\"国家奖个数\",\"symbol\":\"A\"}]', '200*A', '2017-2018-1', '1', '1514390400', '1514649600', '[{\"key\":\"奖项名称\",\"value\":\"\"},{\"key\":\"获奖项目\",\"value\":\"\"}]', '0-2-75-80-83', '0', '200');
INSERT INTO `category` VALUES ('84', '3210343', '2 课程和教材建设', '校级及以上级别批准立项的本科生或研究生精品课程建设、 教材建设(所有人才培养质量工程)、MOOC等新类型课程项目，每项 (门)30工作当量。', '2', 'Y', '0', '[{\"desc\":\"立项项(门)数\",\"symbol\":\"A\"}]', '30*A', '2017-2018-1', '1', '1514390400', '1514649600', '[{\"key\":\"课程(教材)名称\",\"value\":\"\"}]', '0-2-84', '0', '200');
INSERT INTO `category` VALUES ('85', '3210343', '3 教改项目', '年度通过验收的实验室建设项目(含基地建设项目和教改项目)，按项目经费数(万元)*2 ', '2', 'Y', '0', '[{\"desc\":\"项目经费(万元)\",\"symbol\":\"A\"}]', 'A*2', '2017-2018-1', '1', '1514390400', '1514649600', '[{\"key\":\"项目名称\",\"value\":\"\"}]', '0-2-85', '0', '200');
INSERT INTO `category` VALUES ('86', null, '4 指导本科生、研究生优秀论文', '全日制本科生、研究生优秀论文，校级按获奖人数*10;同一论文获得省级优秀，再按获奖人数*10 ', '2', 'N', '2', '', '', '2017-2018-1', '1', '1514390400', '1514649600', '', '0-2-86', '0', '200');
INSERT INTO `category` VALUES ('87', '3210343', '4.1 指导本科生、研究生优秀论文获校级奖', '全日制本科生、研究生优秀论文，校级按获奖人数*10', '86', 'Y', '1', '[{\"desc\":\"校优获奖人数\",\"symbol\":\"A\"}]', '10*A', '2017-2018-1', '1', '1514390400', '1514649600', '', '0-2-86-87', '0', '200');
INSERT INTO `category` VALUES ('88', '3210343', '4.2 指导本科生、研究生优秀论文获省级优秀', '全日制本科生、研究生优秀论文，省级按获奖人数*20', '86', 'Y', '1', '[{\"desc\":\"获奖人数\",\"symbol\":\"A\"}]', '20*A', '2017-2018-1', '1', '1514390400', '1514649600', '', '0-2-86-88', '0', '200');
INSERT INTO `category` VALUES ('89', null, '5 发表论文', '以第一作者身份正式发表核心以上期刊教研论文，论文篇数*15;普通期刊教研论文，论文篇数*5', '2', 'N', '2', '', '', '2017-2018-1', '1', '1514390400', '1514649600', '', '0-2-89', '0', '200');
INSERT INTO `category` VALUES ('90', '3210343', '5.1 发表核心以上期刊教研论文', '以第一作者身份正式发表核心以上期刊教研论文，论文篇数*15。要求上传杂志复印件', '89', 'Y', '0', '[{\"desc\":\"核心期刊论文篇数\",\"symbol\":\"A\"}]', '15*A', '2017-2018-1', '1', '1514649600', '1514390400', '[{\"key\":\"论文名称\",\"value\":\"\"},{\"key\":\"发表杂志\",\"value\":\"\"},{\"key\":\"杂志级别\",\"value\":\"\"}]', '0-2-89-90', '0', '200');
INSERT INTO `category` VALUES ('91', '3210343', '5.2 发表普通期刊教研论文', '以第一作者身份正式发表普通期刊教研论文，论文篇数*5。要求上传杂志复印件', '89', 'Y', '0', '[{\"desc\":\"普通期刊论文篇数\",\"symbol\":\"A\"}]', '5*A', '2017-2018-1', '1', '1514390400', '1514649600', '', '0-2-89-91', '0', '200');
INSERT INTO `category` VALUES ('92', null, '6 出版教材', '出版列入“卓越工程”系列和“十二五”的规划教材，教材本数*50;出版其他教材，教材本数*10。(每位教师承担的字数不少于三分之一或10万字)', '2', 'N', '2', '', '', '2017-2018-1', '1', '1514390400', '1514649600', '', '0-2-92', '0', '200');
INSERT INTO `category` VALUES ('93', '3210343', '6.1 出版列入“卓越工程”系列和“十二五”的规划教材', '出版列入“卓越工程”系列和“十二五”的规划教材，教材本数*50;(每位教师承担的字数不少于三分之一或10万字)。需要上传教材封面和目录', '92', 'Y', '0', '[{\"desc\":\"教材本数\",\"symbol\":\"A\"}]', '50*A', '2017-2018-1', '1', '1514649600', '1514390400', '[{\"key\":\"教材名称\",\"value\":\"\"},{\"key\":\"出版社名称\",\"value\":\"\"}]', '0-2-92-93', '0', '200');
INSERT INTO `category` VALUES ('94', '3210343', '6.2 出版其他教材', '出版其他教材，教材本数*10。(每位教师承担的字数不少于三分之一或10万字)。需要上传教材封面和目录。', '92', 'Y', '0', '[{\"desc\":\"教材本数\",\"symbol\":\"A\"}]', '10*A', '2017-2018-1', '1', '1514649600', '1514390400', '[{\"key\":\"教材名称\",\"value\":\"\"},{\"key\":\"出版社名称\",\"value\":\"\"}]', '0-2-92-94', '0', '200');
INSERT INTO `category` VALUES ('95', '3210343', '7 改革建设', '经学院教指委批准立项的培养模式改革建设、课程改革建设、实验体系改革建设等，每项工作当量20，需要提供相关证明材料', '2', 'Y', '0', '[{\"desc\":\"建设项目数\",\"symbol\":\"A\"}]', '20*A', '2017-2018-1', '1', '1514649600', '1514390400', '[{\"key\":\"建设项目名称\",\"value\":\"\"}]', '0-2-95', '0', '200');
INSERT INTO `category` VALUES ('96', null, '8 全国性竞赛获奖', '全国性竞赛获奖', '2', 'N', '2', '', '', '2017-2018-1', '1', '1514390400', '1514649600', '', '0-2-96', '0', '200');
INSERT INTO `category` VALUES ('97', null, '8.1 全国性竞赛获奖【个人赛】', '获奖人数*5; 获一等奖及以上的，再按获奖人数*5。', '96', 'N', '2', '', '', '2017-2018-1', '1', '1514390400', '1514649600', '', '0-2-96-97', '0', '200');
INSERT INTO `category` VALUES ('98', null, '8.2 全国性竞赛获奖【团体赛】', '获奖队伍数*10;获一等奖以上奖励的，可再按获奖队伍数*15计算工作当量。', '96', 'N', '2', '', '', '2017-2018-1', '1', '1514390400', '1514649600', '', '0-2-96-98', '0', '200');
INSERT INTO `category` VALUES ('99', '3210343', '9 党员教师', '党员教师年终评定为合格的，每学期责任班级数*5。', '2', 'Y', '1', '[{\"desc\":\"每学期责任班级数\",\"symbol\":\"A\"}]', '5*A', '2017-2018-1', '1', '1514390400', '1514649600', '', '0-2-99', '0', '200');
INSERT INTO `category` VALUES ('100', '3210343', '8.1.1 全国性竞赛（个人赛）一等奖及以上奖励', '获一等奖及以上的，按获奖人数*10。', '97', 'Y', '0', '[{\"desc\":\"获奖人数\",\"symbol\":\"A\"}]', '10*A', '2017-2018-1', '1', '1514390400', '1514649600', '[{\"key\":\"竞赛名称\",\"value\":\"\"},{\"key\":\"竞赛级别\",\"value\":\"\"},{\"key\":\"获奖情况\",\"value\":\"\"}]', '0-2-96-97-100', '0', '200');
INSERT INTO `category` VALUES ('101', '3210343', '8.1.2 全国性竞赛（个人）获奖', '获奖人数*5', '97', 'Y', '0', '[{\"desc\":\"获奖人数\",\"symbol\":\"A\"}]', '5*A', '2017-2018-1', '1', '1514390400', '1514649600', '[{\"key\":\"竞赛名称\",\"value\":\"\"},{\"key\":\"竞赛级别\",\"value\":\"\"},{\"key\":\"获奖情况\",\"value\":\"\"}]', '0-2-96-97-101', '0', '200');
INSERT INTO `category` VALUES ('102', '3210343', '8.2.1 全国性竞赛（团体赛）一等奖及以上奖励', '获一等奖以上奖励的，可按获奖队伍数*15计算工作当量', '98', 'Y', '0', '[{\"desc\":\"获奖团队数\",\"symbol\":\"A\"}]', '15*A', '2017-2018-1', '1', '1514649600', '1514390400', '[{\"key\":\"竞赛名称\",\"value\":\"\"},{\"key\":\"竞赛级别\",\"value\":\"\"},{\"key\":\"获奖情况\",\"value\":\"\"}]', '0-2-96-98-102', '0', '200');
INSERT INTO `category` VALUES ('103', '3210343', '8.2.2 全国性竞赛（团体赛）获奖', '获奖队伍数*10', '98', 'Y', '0', '[{\"desc\":\"获奖队伍数\",\"symbol\":\"A\"}]', '10*A', '2017-2018-1', '1', '1514390400', '1514649600', '[{\"key\":\"竞赛名称\",\"value\":\"\"},{\"key\":\"竞赛级别\",\"value\":\"\"},{\"key\":\"获奖情况\",\"value\":\"\"}]', '0-2-96-98-103', '0', '200');
INSERT INTO `category` VALUES ('104', '3210343', '7.1 培养方案大修', '培养方案大修按80学时/份', '54', 'Y', '0', '[{\"desc\":\"修订份数\",\"symbol\":\"A\"}]', '80*A', '2017-2018-1', '1', '1514390400', '1514649600', '', '0-3-54-104', '0', '200');
INSERT INTO `category` VALUES ('105', '3210343', '7.2 培养方案小修', '培养方案小修按40学时/份', '54', 'Y', '0', '[{\"desc\":\"修订份数\",\"symbol\":\"A\"}]', '40*A', '2017-2018-1', '1', '1514390400', '1514649600', '', '0-3-54-105', '0', '200');
INSERT INTO `category` VALUES ('106', '3210343', '7.3 培养方案全新制定', '培养方案全新制定160学时/份计算', '54', 'Y', '0', '[{\"desc\":\"制定份数\",\"symbol\":\"A\"}]', '160*A', '2017-2018-1', '1', '1514390400', '1514649600', '', '0-3-54-106', '0', '200');
INSERT INTO `category` VALUES ('107', '3210343', '8 教指委工作', '工作量按10学时/年度.项.人计算。', '3', 'Y', '0', '[{\"desc\":\"单位数\",\"symbol\":\"A\"}]', '10*A', '2017-2018-1', '1', '1514390400', '1514649600', '', '0-3-107', '0', '200');
INSERT INTO `category` VALUES ('108', '3210343', '9 教学质量小组', '工作量按11学时/年度.项.人计算。', '3', 'Y', '0', '[{\"desc\":\"单位数\",\"symbol\":\"A\"}]', '11*A', '2017-2018-1', '1', '1514390400', '1514649600', '', '0-3-108', '0', '200');
INSERT INTO `category` VALUES ('109', '3210343', '10 研究生质量小组', '工作量按12学时/年度.项.人计算。', '3', 'Y', '0', '[{\"desc\":\"单位数\",\"symbol\":\"A\"}]', '12*A', '2017-2018-1', '1', '1514390400', '1514649600', '', '0-3-109', '0', '200');
INSERT INTO `category` VALUES ('110', null, '11 研究生入学考试相关工作', '研究生推荐免试入学笔试及面试工作。命题按照2学时，监考按照2学时/人。阅卷按4学时，面试按4学时/人计算', '3', 'N', '2', '', '', '2017-2018-1', '1', '1514390400', '1514649600', '', '0-3-110', '0', '200');
INSERT INTO `category` VALUES ('111', '3210343', '11.1 研究生入学考试【命题】', '研究生推荐免试入学笔试及面试工作，命题按2学时/人。', '110', 'Y', '0', '[{\"desc\":\"单位数\",\"symbol\":\"A\"}]', 'A*2', '2017-2018-1', '1', '1514390400', '1514649600', '[{\"key\":\"命题内容\",\"value\":\"\"}]', '0-3-110-111', '0', '200');
INSERT INTO `category` VALUES ('112', '3210343', '11.2 研究生入学考试【监考】', '研究生推荐免试入学笔试及面试工作，监考按2学时/人。', '110', 'Y', '0', '[{\"desc\":\"单位数\",\"symbol\":\"A\"}]', 'A*2', '2017-2018-1', '1', '1514390400', '1514649600', '[{\"key\":\"监考时间\",\"value\":\"\"}]', '0-3-110-112', '0', '200');
INSERT INTO `category` VALUES ('113', '3210343', '11.3 研究生入学考试【阅卷】', '研究生推荐免试入学笔试及面试工作，阅卷按4学时/人。', '110', 'Y', '0', '[{\"desc\":\"单位数\",\"symbol\":\"A\"}]', '4*A', '2017-2018-1', '1', '1514390400', '1514649600', '[{\"key\":\"阅卷科目\",\"value\":\"\"}]', '0-3-110-113', '0', '200');
INSERT INTO `category` VALUES ('114', '3210343', '11.4 研究生入学考试【面试】', '研究生推荐免试入学笔试及面试工作，面试按4学时/人计算。', '110', 'Y', '0', '[{\"desc\":\"单位数\",\"symbol\":\"A\"}]', 'A*4', '2017-2018-1', '1', '1514390400', '1514649600', '[{\"key\":\"面试内容\",\"value\":\"\"}]', '0-3-110-114', '0', '200');
INSERT INTO `category` VALUES ('115', '3210343', '12 院内评审工作', '教改/教研、实验建设项目申报院内评审工作。按2学时/每项计算。', '3', 'Y', '0', '[{\"desc\":\"评审项数\",\"symbol\":\"A\"}]', 'A*2', '2017-2018-1', '1', '1514390400', '1514649600', '[{\"key\":\"评审时间\",\"value\":\"\"},{\"key\":\"评审内容\",\"value\":\"\"}]', '0-3-115', '0', '200');
INSERT INTO `category` VALUES ('116', null, '13 招生宣传工作', '招生宣传工作：工作量按实际外出宣传天数 x4 学时（外地），实际外出宣传天数 x2 学时（成都计算）；外出进中学做招生宣传讲座另按2学时/次计算。', '3', 'N', '2', '', '', '2017-2018-1', '1', '1514390400', '1514649600', '', '0-3-116', '0', '200');
INSERT INTO `category` VALUES ('117', '3210343', '13.1 招生宣传工作【成都】', '工作量按实际外出宣传天数*2学时', '116', 'Y', '0', '[{\"desc\":\"宣传天数\",\"symbol\":\"A\"}]', '2*A', '2017-2018-1', '1', '1514390400', '1514649600', '[{\"key\":\"宣传时间\",\"value\":\"\"},{\"key\":\"宣传地点\",\"value\":\"\"}]', '0-3-116-117', '0', '200');
INSERT INTO `category` VALUES ('118', '3210343', '13.2 招生宣传工作【外地】', '工作量按实际外出宣传天数*4学时', '116', 'Y', '0', '[{\"desc\":\"宣传天数\",\"symbol\":\"A\"}]', '4*A', '2017-2018-1', '1', '1514390400', '1514649600', '[{\"key\":\"宣传时间\",\"value\":\"\"},{\"key\":\"宣传地点\",\"value\":\"\"}]', '0-3-116-118', '0', '200');
INSERT INTO `category` VALUES ('119', '3210343', '13.3 进中学招生宣传工作', '外出进中学做招生宣传讲座另按2学时/次计算。', '116', 'Y', '0', '[{\"desc\":\"宣传次数\",\"symbol\":\"A\"}]', '2*A', '2017-2018-1', '1', '1514390400', '1514649600', '[{\"key\":\"宣传时间\",\"value\":\"\"},{\"key\":\"宣传地点\",\"value\":\"\"}]', '0-3-116-119', '0', '200');
INSERT INTO `category` VALUES ('120', '3210343', '1 跨学院课程', '经学院同意的跨学院承担本科生培养方案课程等同本院课程，只计工作量。', '4', 'Y', '0', '[{\"desc\":\"授课学时\",\"symbol\":\"A\"}]', 'A*1.0', '2017-2018-1', '1', '1514390400', '1514649600', '[{\"key\":\"课程名称\",\"value\":\"\"},{\"key\":\"课程编号\",\"value\":\"\"}]', '0-4-120', '0', '200');
INSERT INTO `category` VALUES ('121', '3210343', '2 邀请企业教师', '邀请企业教师(含外教)参与学院教学:企业教师(含外教)承担的课时可折算为联系教师的工作量(由学院教学指导委员会认定和折算)。', '4', 'Y', '0', '[{\"desc\":\"授课学时\",\"symbol\":\"A\"},{\"desc\":\"折扣系数\",\"symbol\":\"B\"}]', 'A*B', '2017-2018-1', '1', '1514390400', '1514649600', '[{\"key\":\"课程名称\",\"value\":\"\"},{\"key\":\"课程编号\",\"value\":\"\"}]', '0-4-121', '0', '200');
INSERT INTO `category` VALUES ('122', '3210343', '3 其他工作量', '其它未列入的教学工作，经教师本人申请，学院教学指导委员会认定，学院党政联席会审定后，可计算教学工作当量。', '4', 'Y', '0', '[{\"desc\":\"申请学时\",\"symbol\":\"A\"}]', 'A*1.0', '2017-2018-1', '1', '1514390400', '1514649600', '[{\"key\":\"申请内容\",\"value\":\"\"}]', '0-4-122', '0', '200');

-- ----------------------------
-- Table structure for `file`
-- ----------------------------
DROP TABLE IF EXISTS `file`;
CREATE TABLE `file` (
  `file_id` int(11) NOT NULL COMMENT '文件编号',
  `mime` varchar(45) DEFAULT NULL COMMENT '文件约束',
  `create_time` int(11) DEFAULT NULL COMMENT '创建时间',
  `deadline` int(11) DEFAULT NULL COMMENT '截止日期',
  `size` bigint(20) DEFAULT NULL COMMENT '文件大小',
  `type` varchar(45) DEFAULT NULL COMMENT '类型（待扩展）',
  `user_id` int(11) NOT NULL DEFAULT '0' COMMENT '编辑者',
  PRIMARY KEY (`file_id`)
) ENGINE=InnoDB DEFAULT CHARSET=utf8 COMMENT='文件（自定义文件上传格式及个数）';

-- ----------------------------
-- Records of file
-- ----------------------------
INSERT INTO `file` VALUES ('1', 'jpeg', '333', '444', '1', '0', '1');
INSERT INTO `file` VALUES ('2', null, '1500000770', null, null, null, '3210343');
INSERT INTO `file` VALUES ('4', 'xlsx', '1500642767', '1513785600', '200', 'table', '3210343');
INSERT INTO `file` VALUES ('5', 'jpeg,doc,xlsx', '1500642767', '1513785600', '200', 'table', '3210343');

-- ----------------------------
-- Table structure for `file_info`
-- ----------------------------
DROP TABLE IF EXISTS `file_info`;
CREATE TABLE `file_info` (
  `file_info_id` int(11) NOT NULL COMMENT '文件信息',
  `path` varchar(255) DEFAULT NULL COMMENT '文件上传路径',
  `size` int(11) NOT NULL DEFAULT '0' COMMENT '文件大小',
  `md5_summary` text COMMENT 'md5文件完整性信息',
  `type` char(4) DEFAULT NULL COMMENT '文件类型',
  `create_time` int(11) NOT NULL DEFAULT '0' COMMENT '创建时间',
  `status` tinyint(4) NOT NULL DEFAULT '0' COMMENT '状态值',
  `file_id` int(11) NOT NULL DEFAULT '0' COMMENT '文件编号',
  `recipients_list` text COMMENT '接收人列表',
  `author_id` int(11) NOT NULL DEFAULT '0' COMMENT '文件作者',
  PRIMARY KEY (`file_info_id`),
  KEY `fk_file_info_file1_idx` (`file_id`),
  CONSTRAINT `fk_file_info_file1` FOREIGN KEY (`file_id`) REFERENCES `file` (`file_id`) ON DELETE NO ACTION ON UPDATE NO ACTION
) ENGINE=InnoDB DEFAULT CHARSET=utf8 COMMENT='文件信息';

-- ----------------------------
-- Records of file_info
-- ----------------------------
INSERT INTO `file_info` VALUES ('1', 'E:\\Users\\Administrator\\workload\\target\\workload\\data\\abc.txt', '18', '405fba49d9d7e32832544c03f2276292', 'txt', '1504069986', '1', '5', '', '3210343');
INSERT INTO `file_info` VALUES ('2', 'E:\\Users\\Administrator\\workload\\target\\workload\\data\\category.sql', '47307', '8d2adebeb861d44a26f3a5d70fc7e6d3', 'sql', '1504070585', '0', '5', '', '3210343');
INSERT INTO `file_info` VALUES ('3', 'E:\\Users\\Administrator\\workload\\target\\workload\\data\\category.sql', '47307', '8d2adebeb861d44a26f3a5d70fc7e6d3', 'sql', '1504177386', '1', '5', '', '3210343');

-- ----------------------------
-- Table structure for `history`
-- ----------------------------
DROP TABLE IF EXISTS `history`;
CREATE TABLE `history` (
  `history_id` int(11) NOT NULL,
  `item_id` varchar(255) NOT NULL,
  `user_id` int(11) NOT NULL COMMENT '用户编号',
  `operation` text COMMENT '操作',
  `create_time` varchar(45) NOT NULL COMMENT '操作时间',
  `type` varchar(20) NOT NULL,
  `aim_user_id` int(11) DEFAULT NULL COMMENT '目标用户编号',
  `version` varchar(255) NOT NULL COMMENT '版本号（学期）',
  PRIMARY KEY (`history_id`)
) ENGINE=InnoDB DEFAULT CHARSET=utf8 COMMENT='历史记录';

-- ----------------------------
-- Records of history
-- ----------------------------
INSERT INTO `history` VALUES ('1', 'C26', '3210343', '修改工作量计算规则：2.4 本科毕业设计：(1)将字段名称:isLeaf 从 旧值:N 修改为 新值:Y;\n(2)将字段名称:jsonParameters 从 旧值:[{\"desc\":\"指导人数\",\"symbol\":\"A\"}] 修改为 新值:[];\n(3)将字段名称:formula 从 旧值:5.0*A 修改为 新值:5.0*1;\n(4)将字段名称:reviewDeadline 从 旧值:2018-02-01 00:00:00 修改为 新值:2018-02-05 00:00:00;\n(5)将字段名称:applyDeadline 从 旧值:2018-02-05 00:00:00 修改为 新值:2018-02-01 00:00:00;\n(6)将字段名称:otherJson 从 旧值: 修改为 新值:[{\"key\":\"指导学生\",\"value\":\"\"},{\"key\":\"指导毕设课题\",\"value\":\"\"}]。', '2017-09-02 14:58:47', 'import', '0', '2017-2018-1');
INSERT INTO `history` VALUES ('2', 'C26', '3210343', '提交工作量计算规则：2.4 本科毕业设计。', '2017-09-02 14:59:02', 'import', '0', '2017-2018-1');
INSERT INTO `history` VALUES ('3', 'R1', '3210343', '修改工作量项目的部分信息:  项目名称 （原）指导毕设 -> （新）指导毕设', '2017-09-02 19:15:46', 'import', '3210343', '2017-2018-1');
INSERT INTO `history` VALUES ('4', 'R1', '3210343', '修改工作量项目的部分信息:  项目名称 （原）指导毕设 -> （新）指导毕设', '2017-09-02 19:15:49', 'import', '3210343', '2017-2018-1');
INSERT INTO `history` VALUES ('5', 'R1', '3210343', '修改工作量项目的部分信息:  项目名称 （原）指导毕设 -> （新）指导毕设', '2017-09-02 19:15:52', 'import', '3210343', '2017-2018-1');
INSERT INTO `history` VALUES ('6', 'R1', '3210343', '修改工作量项目的部分信息:  项目名称 （原）指导毕设 -> （新）指导毕设', '2017-09-02 19:15:54', 'import', '3210343', '2017-2018-1');
INSERT INTO `history` VALUES ('7', 'I11', '3210343', '提交工作量项目：校级年度优秀教师。', '2017-09-03 16:28:31', 'apply', '3210343', '2017-2018-1');
INSERT INTO `history` VALUES ('8', 'C123', '3210343', '添加工作量计算规则：test。', '2017-09-03 22:00:32', 'import', '3210343', '2017-2018-1');
INSERT INTO `history` VALUES ('9', 'C123', '3210343', '提交工作量计算规则：test。', '2017-09-03 22:00:43', 'import', '0', '2017-2018-1');
INSERT INTO `history` VALUES ('10', 'C123', '3210343', '添加工作量计算规则：test add。', '2017-09-04 00:45:44', 'apply', '3210343', '2017-2018-1');
INSERT INTO `history` VALUES ('11', 'C124', '3210343', '添加工作量计算规则：asd。', '2017-09-04 00:53:06', 'import', '3210343', '2017-2018-1');
INSERT INTO `history` VALUES ('12', 'C123', '3210343', '添加工作量计算规则：test。', '2017-09-04 00:55:13', 'apply', '3210343', '2017-2018-1');
INSERT INTO `history` VALUES ('13', 'C123', '3210343', '修改工作量计算规则：test：(1)将字段名称:importRequired 从 旧值:0 修改为 新值:1;\n(2)将字段名称:jsonParameters 从 旧值: 修改为 新值:[];\n(3)将字段名称:reviewDeadline 从 旧值:2017-12-28 00:00:00 修改为 新值:2017-12-31 00:00:00;\n(4)将字段名称:applyDeadline 从 旧值:2017-12-31 00:00:00 修改为 新值:2017-12-28 00:00:00。', '2017-09-04 00:55:50', 'import', '0', '2017-2018-1');
INSERT INTO `history` VALUES ('14', 'C123', '3210343', '提交工作量计算规则：test。', '2017-09-04 00:56:11', 'import', '0', '2017-2018-1');
INSERT INTO `history` VALUES ('15', 'C1', '3210343', '提交工作量计算规则：一、培养方案相关人才培养当量。', '2017-09-05 11:21:26', 'import', '0', '2017-2018-1');
INSERT INTO `history` VALUES ('16', 'C5', '3210343', '提交工作量计算规则：1、本科生和研究生（含留学生、非全日制研究生）培养方案。', '2017-09-05 11:21:26', 'import', '0', '2017-2018-1');
INSERT INTO `history` VALUES ('17', 'C27', '3210343', '提交工作量计算规则：1.1 教学工作量。', '2017-09-05 11:21:26', 'import', '0', '2017-2018-1');
INSERT INTO `history` VALUES ('18', 'C28', '3210343', '提交工作量计算规则：1.2 教师助教。', '2017-09-05 11:21:26', 'import', '0', '2017-2018-1');
INSERT INTO `history` VALUES ('19', 'C32', '3210343', '提交工作量计算规则：1.3 暑期学堂。', '2017-09-05 11:21:26', 'import', '0', '2017-2018-1');
INSERT INTO `history` VALUES ('20', 'C123', '3210343', '提交工作量计算规则：test。', '2017-09-05 11:21:26', 'import', '0', '2017-2018-1');
INSERT INTO `history` VALUES ('21', 'C6', '3210343', '提交工作量计算规则：2、培养方案规定课程的实践教学工作当量。', '2017-09-05 11:21:26', 'import', '0', '2017-2018-1');
INSERT INTO `history` VALUES ('22', 'C23', '3210343', '提交工作量计算规则：2.1 实验课程。', '2017-09-05 11:21:27', 'import', '0', '2017-2018-1');
INSERT INTO `history` VALUES ('23', 'C24', '3210343', '提交工作量计算规则：2.2 课程设计。', '2017-09-05 11:21:27', 'import', '0', '2017-2018-1');
INSERT INTO `history` VALUES ('24', 'C25', '3210343', '提交工作量计算规则：2.3 综合设计。', '2017-09-05 11:21:27', 'import', '0', '2017-2018-1');
INSERT INTO `history` VALUES ('25', 'C26', '3210343', '提交工作量计算规则：2.4 本科毕业设计。', '2017-09-05 11:21:27', 'import', '0', '2017-2018-1');
INSERT INTO `history` VALUES ('26', 'C29', '3210343', '提交工作量计算规则：2.5 研究生(含博士生)指导。', '2017-09-05 11:21:27', 'import', '0', '2017-2018-1');
INSERT INTO `history` VALUES ('27', 'C30', '3210343', '提交工作量计算规则：2.6 实习实训带队。', '2017-09-05 11:21:27', 'import', '0', '2017-2018-1');
INSERT INTO `history` VALUES ('28', 'C68', '3210343', '提交工作量计算规则：2.6.1 实习实训带队（外地）。', '2017-09-05 11:21:27', 'import', '0', '2017-2018-1');
INSERT INTO `history` VALUES ('29', 'C69', '3210343', '提交工作量计算规则：2.6.2 实习实训带队（成都）。', '2017-09-05 11:21:27', 'import', '0', '2017-2018-1');
INSERT INTO `history` VALUES ('30', 'C31', '3210343', '提交工作量计算规则：2.7 企业实习指导。', '2017-09-05 11:21:27', 'import', '0', '2017-2018-1');
INSERT INTO `history` VALUES ('31', 'C7', '3210343', '提交工作量计算规则：3、学生工程科研能力培养辅助教学工作当量。', '2017-09-05 11:21:27', 'import', '0', '2017-2018-1');
INSERT INTO `history` VALUES ('32', 'C33', '3210343', '提交工作量计算规则：3.1 学生竞赛。', '2017-09-05 11:21:27', 'import', '0', '2017-2018-1');
INSERT INTO `history` VALUES ('33', 'C70', '3210343', '提交工作量计算规则：3.1.1 学生竟赛【团体赛】。', '2017-09-05 11:21:27', 'import', '0', '2017-2018-1');
INSERT INTO `history` VALUES ('34', 'C71', '3210343', '提交工作量计算规则：3.1.2 学生竞赛【个人赛】。', '2017-09-05 11:21:27', 'import', '0', '2017-2018-1');
INSERT INTO `history` VALUES ('35', 'C34', '3210343', '提交工作量计算规则：3.2 创新创业指导。', '2017-09-05 11:21:27', 'import', '0', '2017-2018-1');
INSERT INTO `history` VALUES ('36', 'C72', '3210343', '提交工作量计算规则：3.2.1 省级以上大学生创新创业训练计划指导。', '2017-09-05 11:21:27', 'import', '0', '2017-2018-1');
INSERT INTO `history` VALUES ('37', 'C73', '3210343', '提交工作量计算规则：3.2.2 获学校资助的创新创业训练计划指导。', '2017-09-05 11:21:27', 'import', '0', '2017-2018-1');
INSERT INTO `history` VALUES ('38', 'C74', '3210343', '提交工作量计算规则：3.2.3 获学院资助的创新创业训练计划指导。', '2017-09-05 11:21:28', 'import', '0', '2017-2018-1');
INSERT INTO `history` VALUES ('39', 'C35', '3210343', '提交工作量计算规则：3.3 工程能力特训班。', '2017-09-05 11:21:28', 'import', '0', '2017-2018-1');
INSERT INTO `history` VALUES ('40', 'C36', '3210343', '提交工作量计算规则：3.4 学生论文指导。', '2017-09-05 11:21:28', 'import', '0', '2017-2018-1');
INSERT INTO `history` VALUES ('41', 'C37', '3210343', '提交工作量计算规则：4、其他教学工作量。', '2017-09-05 11:21:28', 'import', '0', '2017-2018-1');
INSERT INTO `history` VALUES ('42', 'C38', '3210343', '提交工作量计算规则：4.1 继续教育课程。', '2017-09-05 11:21:28', 'import', '0', '2017-2018-1');
INSERT INTO `history` VALUES ('43', 'C39', '3210343', '提交工作量计算规则：4.2 全校素质公选课。', '2017-09-05 11:21:28', 'import', '0', '2017-2018-1');
INSERT INTO `history` VALUES ('44', 'C40', '3210343', '提交工作量计算规则：4.3 学术讲座。', '2017-09-05 11:21:28', 'import', '0', '2017-2018-1');
INSERT INTO `history` VALUES ('45', 'C2', '3210343', '提交工作量计算规则：二、教研、教改等教学当量。', '2017-09-05 11:21:28', 'import', '0', '2017-2018-1');
INSERT INTO `history` VALUES ('46', 'C75', '3210343', '提交工作量计算规则：1 教学、教研、教改成果奖(含教学竟赛)。', '2017-09-05 11:21:28', 'import', '0', '2017-2018-1');
INSERT INTO `history` VALUES ('47', 'C76', '3210343', '提交工作量计算规则：1.1教学、教研、教改成果奖(含教学竟赛) 【个人赛】。', '2017-09-05 11:21:28', 'import', '0', '2017-2018-1');
INSERT INTO `history` VALUES ('48', 'C77', '3210343', '提交工作量计算规则：1.1.1 教师个人获校级奖。', '2017-09-05 11:21:28', 'apply', '0', '2017-2018-1');
INSERT INTO `history` VALUES ('49', 'C78', '3210343', '提交工作量计算规则：1.1.2 教师个人获省级奖。', '2017-09-05 11:21:28', 'apply', '0', '2017-2018-1');
INSERT INTO `history` VALUES ('50', 'C79', '3210343', '提交工作量计算规则：1.1.3 教师个人获国家级奖。', '2017-09-05 11:21:28', 'apply', '0', '2017-2018-1');
INSERT INTO `history` VALUES ('51', 'C80', '3210343', '提交工作量计算规则：1.2 教学、教研、教改成果奖(含教学竟赛) 【团体赛】。', '2017-09-05 11:21:28', 'import', '0', '2017-2018-1');
INSERT INTO `history` VALUES ('52', 'C81', '3210343', '提交工作量计算规则：1.2.1 教师团体获校级奖。', '2017-09-05 11:21:28', 'apply', '0', '2017-2018-1');
INSERT INTO `history` VALUES ('53', 'C82', '3210343', '提交工作量计算规则：1.2.2 教师团体获省部级奖。', '2017-09-05 11:21:29', 'apply', '0', '2017-2018-1');
INSERT INTO `history` VALUES ('54', 'C83', '3210343', '提交工作量计算规则：1.2.3 教师团体获国家级奖。', '2017-09-05 11:21:29', 'apply', '0', '2017-2018-1');
INSERT INTO `history` VALUES ('55', 'C84', '3210343', '提交工作量计算规则：2 课程和教材建设。', '2017-09-05 11:21:29', 'apply', '0', '2017-2018-1');
INSERT INTO `history` VALUES ('56', 'C85', '3210343', '提交工作量计算规则：3 教改项目。', '2017-09-05 11:21:29', 'apply', '0', '2017-2018-1');
INSERT INTO `history` VALUES ('57', 'C86', '3210343', '提交工作量计算规则：4 指导本科生、研究生优秀论文。', '2017-09-05 11:21:29', 'import', '0', '2017-2018-1');
INSERT INTO `history` VALUES ('58', 'C87', '3210343', '提交工作量计算规则：4.1 指导本科生、研究生优秀论文获校级奖。', '2017-09-05 11:21:29', 'import', '0', '2017-2018-1');
INSERT INTO `history` VALUES ('59', 'C88', '3210343', '提交工作量计算规则：4.2 指导本科生、研究生优秀论文获省级优秀。', '2017-09-05 11:21:29', 'import', '0', '2017-2018-1');
INSERT INTO `history` VALUES ('60', 'C89', '3210343', '提交工作量计算规则：5 发表论文。', '2017-09-05 11:21:29', 'import', '0', '2017-2018-1');
INSERT INTO `history` VALUES ('61', 'C90', '3210343', '提交工作量计算规则：5.1 发表核心以上期刊教研论文。', '2017-09-05 11:21:29', 'apply', '0', '2017-2018-1');
INSERT INTO `history` VALUES ('62', 'C91', '3210343', '提交工作量计算规则：5.2 发表普通期刊教研论文。', '2017-09-05 11:21:29', 'apply', '0', '2017-2018-1');
INSERT INTO `history` VALUES ('63', 'C92', '3210343', '提交工作量计算规则：6 出版教材。', '2017-09-05 11:21:29', 'import', '0', '2017-2018-1');
INSERT INTO `history` VALUES ('64', 'C93', '3210343', '提交工作量计算规则：6.1 出版列入“卓越工程”系列和“十二五”的规划教材。', '2017-09-05 11:21:29', 'apply', '0', '2017-2018-1');
INSERT INTO `history` VALUES ('65', 'C94', '3210343', '提交工作量计算规则：6.2 出版其他教材。', '2017-09-05 11:21:29', 'apply', '0', '2017-2018-1');
INSERT INTO `history` VALUES ('66', 'C95', '3210343', '提交工作量计算规则：7 改革建设。', '2017-09-05 11:21:29', 'apply', '0', '2017-2018-1');
INSERT INTO `history` VALUES ('67', 'C96', '3210343', '提交工作量计算规则：8 全国性竞赛获奖。', '2017-09-05 11:21:29', 'import', '0', '2017-2018-1');
INSERT INTO `history` VALUES ('68', 'C97', '3210343', '提交工作量计算规则：8.1 全国性竞赛获奖【个人赛】。', '2017-09-05 11:21:30', 'import', '0', '2017-2018-1');
INSERT INTO `history` VALUES ('69', 'C100', '3210343', '提交工作量计算规则：8.1.1 全国性竞赛（个人赛）一等奖及以上奖励。', '2017-09-05 11:21:30', 'apply', '0', '2017-2018-1');
INSERT INTO `history` VALUES ('70', 'C101', '3210343', '提交工作量计算规则：8.1.2 全国性竞赛（个人）获奖。', '2017-09-05 11:21:30', 'apply', '0', '2017-2018-1');
INSERT INTO `history` VALUES ('71', 'C98', '3210343', '提交工作量计算规则：8.2 全国性竞赛获奖【团体赛】。', '2017-09-05 11:21:30', 'import', '0', '2017-2018-1');
INSERT INTO `history` VALUES ('72', 'C102', '3210343', '提交工作量计算规则：8.2.1 全国性竞赛（团体赛）一等奖及以上奖励。', '2017-09-05 11:21:30', 'apply', '0', '2017-2018-1');
INSERT INTO `history` VALUES ('73', 'C103', '3210343', '提交工作量计算规则：8.2.2 全国性竞赛（团体赛）获奖。', '2017-09-05 11:21:30', 'apply', '0', '2017-2018-1');
INSERT INTO `history` VALUES ('74', 'C99', '3210343', '提交工作量计算规则：9 党员教师。', '2017-09-05 11:21:30', 'import', '0', '2017-2018-1');
INSERT INTO `history` VALUES ('75', 'C3', '3210343', '提交工作量计算规则：三、年度人才培养服务当量。', '2017-09-05 11:21:30', 'import', '0', '2017-2018-1');
INSERT INTO `history` VALUES ('76', 'C48', '3210343', '提交工作量计算规则：1 教学评审。', '2017-09-05 11:21:30', 'apply', '0', '2017-2018-1');
INSERT INTO `history` VALUES ('77', 'C49', '3210343', '提交工作量计算规则：2 教学检查。', '2017-09-05 11:21:30', 'import', '0', '2017-2018-1');
INSERT INTO `history` VALUES ('78', 'C50', '3210343', '提交工作量计算规则：3 专家听课。', '2017-09-05 11:21:30', 'import', '0', '2017-2018-1');
INSERT INTO `history` VALUES ('79', 'C51', '3210343', '提交工作量计算规则：4 答辩及面试工作。', '2017-09-05 11:21:30', 'import', '0', '2017-2018-1');
INSERT INTO `history` VALUES ('80', 'C52', '3210343', '提交工作量计算规则：5 教学大纲修订。', '2017-09-05 11:21:30', 'import', '0', '2017-2018-1');
INSERT INTO `history` VALUES ('81', 'C53', '3210343', '提交工作量计算规则：6 青年教师指导。', '2017-09-05 11:21:30', 'import', '0', '2017-2018-1');
INSERT INTO `history` VALUES ('82', 'C54', '3210343', '提交工作量计算规则：7 培养方案制定。', '2017-09-05 11:21:30', 'import', '0', '2017-2018-1');
INSERT INTO `history` VALUES ('83', 'C104', '3210343', '提交工作量计算规则：7.1 培养方案大修。', '2017-09-05 11:21:30', 'apply', '0', '2017-2018-1');
INSERT INTO `history` VALUES ('84', 'C105', '3210343', '提交工作量计算规则：7.2 培养方案小修。', '2017-09-05 11:21:30', 'apply', '0', '2017-2018-1');
INSERT INTO `history` VALUES ('85', 'C106', '3210343', '提交工作量计算规则：7.3 培养方案全新制定。', '2017-09-05 11:21:30', 'apply', '0', '2017-2018-1');
INSERT INTO `history` VALUES ('86', 'C107', '3210343', '提交工作量计算规则：8 教指委工作。', '2017-09-05 11:21:30', 'apply', '0', '2017-2018-1');
INSERT INTO `history` VALUES ('87', 'C108', '3210343', '提交工作量计算规则：9 教学质量小组。', '2017-09-05 11:21:30', 'apply', '0', '2017-2018-1');
INSERT INTO `history` VALUES ('88', 'C109', '3210343', '提交工作量计算规则：10 研究生质量小组。', '2017-09-05 11:21:31', 'apply', '0', '2017-2018-1');
INSERT INTO `history` VALUES ('89', 'C110', '3210343', '提交工作量计算规则：11 研究生入学考试相关工作。', '2017-09-05 11:21:31', 'import', '0', '2017-2018-1');
INSERT INTO `history` VALUES ('90', 'C111', '3210343', '提交工作量计算规则：11.1 研究生入学考试【命题】。', '2017-09-05 11:21:31', 'apply', '0', '2017-2018-1');
INSERT INTO `history` VALUES ('91', 'C112', '3210343', '提交工作量计算规则：11.2 研究生入学考试【监考】。', '2017-09-05 11:21:31', 'apply', '0', '2017-2018-1');
INSERT INTO `history` VALUES ('92', 'C113', '3210343', '提交工作量计算规则：11.3 研究生入学考试【阅卷】。', '2017-09-05 11:21:31', 'apply', '0', '2017-2018-1');
INSERT INTO `history` VALUES ('93', 'C114', '3210343', '提交工作量计算规则：11.4 研究生入学考试【面试】。', '2017-09-05 11:21:31', 'apply', '0', '2017-2018-1');
INSERT INTO `history` VALUES ('94', 'C115', '3210343', '提交工作量计算规则：12 院内评审工作。', '2017-09-05 11:21:31', 'apply', '0', '2017-2018-1');
INSERT INTO `history` VALUES ('95', 'C116', '3210343', '提交工作量计算规则：13 招生宣传工作。', '2017-09-05 11:21:31', 'import', '0', '2017-2018-1');
INSERT INTO `history` VALUES ('96', 'C117', '3210343', '提交工作量计算规则：13.1 招生宣传工作【成都】。', '2017-09-05 11:21:31', 'apply', '0', '2017-2018-1');
INSERT INTO `history` VALUES ('97', 'C118', '3210343', '提交工作量计算规则：13.2 招生宣传工作【外地】。', '2017-09-05 11:21:31', 'apply', '0', '2017-2018-1');
INSERT INTO `history` VALUES ('98', 'C119', '3210343', '提交工作量计算规则：13.3 进中学招生宣传工作。', '2017-09-05 11:21:31', 'apply', '0', '2017-2018-1');
INSERT INTO `history` VALUES ('99', 'C4', '3210343', '提交工作量计算规则：四、其他。', '2017-09-05 11:21:31', 'import', '0', '2017-2018-1');
INSERT INTO `history` VALUES ('100', 'C120', '3210343', '提交工作量计算规则：1 跨学院课程。', '2017-09-05 11:21:31', 'apply', '0', '2017-2018-1');
INSERT INTO `history` VALUES ('101', 'C121', '3210343', '提交工作量计算规则：2 邀请企业教师。', '2017-09-05 11:21:31', 'apply', '0', '2017-2018-1');
INSERT INTO `history` VALUES ('102', 'C122', '3210343', '提交工作量计算规则：3 其他工作量。', '2017-09-05 11:21:31', 'apply', '0', '2017-2018-1');
INSERT INTO `history` VALUES ('103', 'C124', '3210343', '添加工作量计算规则：测试。', '2017-09-05 11:29:22', 'import', '3210343', '2017-2018-1');
INSERT INTO `history` VALUES ('104', 'C124', '3210343', '添加工作量计算规则：测试。', '2017-09-05 11:39:23', 'import', '3210343', '2017-2018-1');
INSERT INTO `history` VALUES ('105', 'C124', '3210343', '添加工作量计算规则：测试规则。', '2017-09-05 11:43:23', 'import', '3210343', '2017-2018-1');
INSERT INTO `history` VALUES ('106', 'C124', '3210343', '删除工作量计算规则：测试规则。', '2017-09-05 11:44:12', 'import', '0', '2017-2018-1');
INSERT INTO `history` VALUES ('107', 'C124', '3210343', '删除工作量计算规则：测试规则。', '2017-09-05 11:44:13', 'import', '0', '2017-2018-1');
INSERT INTO `history` VALUES ('108', 'C123', '3210343', '删除工作量计算规则：test。', '2017-09-05 14:37:49', 'import', '0', '2017-2018-1');
INSERT INTO `history` VALUES ('109', 'C123', '3210343', '删除工作量计算规则：test。', '2017-09-05 14:37:49', 'import', '0', '2017-2018-1');
INSERT INTO `history` VALUES ('110', 'I14', '3210343', '提交工作量项目：教学成果奖。', '2017-09-09 11:03:56', 'apply', '3210343', '2017-2018-1');
INSERT INTO `history` VALUES ('111', 'I15', '3210343', '提交工作量项目：教学成果奖。', '2017-09-09 11:03:56', 'apply', '3210343', '2017-2018-1');
INSERT INTO `history` VALUES ('112', 'I16', '3210343', '提交工作量项目：教学成果奖。', '2017-09-09 11:03:56', 'apply', '3210343', '2017-2018-1');
INSERT INTO `history` VALUES ('113', 'I14', '3210343', '提交工作量项目：教学成果奖。', '2017-09-09 12:41:10', 'apply', '3210343', '2017-2018-1');
INSERT INTO `history` VALUES ('114', 'I15', '3210343', '提交工作量项目：教学成果奖。', '2017-09-09 12:41:10', 'apply', '3210343', '2017-2018-1');
INSERT INTO `history` VALUES ('115', 'I16', '3210343', '提交工作量项目：教学成果奖。', '2017-09-09 12:41:10', 'apply', '3210343', '2017-2018-1');
INSERT INTO `history` VALUES ('116', 'I14', '3210343', '审核通过工作量项目：教学成果奖。', '2017-09-09 16:39:23', 'apply', '3210343', '2017-2018-1');
INSERT INTO `history` VALUES ('117', 'I20', '3210343', '提交工作量项目：教学成果奖。', '2017-09-09 17:57:34', 'apply', '3210343', '2017-2018-1');
INSERT INTO `history` VALUES ('118', 'I21', '3210343', '提交工作量项目：教学成果奖。', '2017-09-09 17:57:34', 'apply', '3210343', '2017-2018-1');
INSERT INTO `history` VALUES ('119', 'I22', '3210343', '提交工作量项目：教学成果奖。', '2017-09-09 17:57:34', 'apply', '3210343', '2017-2018-1');
INSERT INTO `history` VALUES ('120', 'I17', '3210343', '提交工作量项目：指导课程设计。', '2017-09-09 18:45:14', 'import', '3210343', '2017-2018-1');
INSERT INTO `history` VALUES ('121', 'I17', '3210343', '提交工作量项目：指导课程设计。', '2017-09-09 18:45:58', 'import', '3210343', '2017-2018-1');
INSERT INTO `history` VALUES ('122', 'I17', '3210343', '提交工作量项目：指导课程设计。', '2017-09-09 18:59:49', 'import', '3210343', '2017-2018-1');
INSERT INTO `history` VALUES ('123', 'I17', '3210343', '提交工作量项目：指导课程设计。', '2017-09-09 19:01:36', 'import', '3210343', '2017-2018-1');
INSERT INTO `history` VALUES ('124', 'R20', '3210343', '修改工作量项目的部分信息:  项目名称 （原）教学成果奖 -> （新）教学成果奖', '2017-09-09 19:43:04', 'apply', '3210343', '2017-2018-1');
INSERT INTO `history` VALUES ('125', 'R11', '3210343', '修改工作量项目的部分信息:  项目名称 （原）校级年度优秀教师 -> （新）校级年度优秀教师', '2017-09-09 19:43:05', 'apply', '3210343', '2017-2018-1');
INSERT INTO `history` VALUES ('126', 'R20', '3210343', '修改工作量项目的部分信息:  项目名称 （原）教学成果奖 -> （新）教学成果奖', '2017-09-09 19:43:07', 'apply', '3210343', '2017-2018-1');
INSERT INTO `history` VALUES ('127', 'R20', '3210343', '修改工作量项目的部分信息:  项目名称 （原）教学成果奖 -> （新）教学成果奖', '2017-09-09 19:43:09', 'apply', '3210343', '2017-2018-1');
INSERT INTO `history` VALUES ('128', 'R20', '3210343', '修改工作量项目的部分信息:  项目名称 （原）教学成果奖 -> （新）教学成果奖', '2017-09-09 19:43:13', 'apply', '3210343', '2017-2018-1');
INSERT INTO `history` VALUES ('129', 'R11', '3210343', '修改工作量项目的部分信息:  项目名称 （原）校级年度优秀教师 -> （新）校级年度优秀教师', '2017-09-09 19:43:15', 'apply', '3210343', '2017-2018-1');
INSERT INTO `history` VALUES ('130', 'R10', '3210343', '修改工作量项目的部分信息:  项目名称 （原）指导毕设 -> （新）指导毕设', '2017-09-09 19:43:18', 'import', '3210343', '2017-2018-1');
INSERT INTO `history` VALUES ('131', 'R20', '3210343', '重置工作量项目：教学成果奖的状态信息（申报人）。', '2017-09-09 20:01:22', 'apply', '3210343', '2017-2018-1');
INSERT INTO `history` VALUES ('132', 'R20', '3210343', '重置工作量项目：教学成果奖的状态信息（申报人）。', '2017-09-09 20:13:18', 'apply', '3210343', '2017-2018-1');
INSERT INTO `history` VALUES ('133', 'R20', '3210343', '重置工作量项目：教学成果奖的状态信息（申报人）。', '2017-09-09 20:17:28', 'apply', '3210343', '2017-2018-1');
INSERT INTO `history` VALUES ('134', 'I24', '3210343', '提交工作量项目：教学成果奖。', '2017-09-09 21:48:02', 'apply', '3210343', '2017-2018-1');
INSERT INTO `history` VALUES ('135', 'I25', '3210343', '提交工作量项目：教学成果奖。', '2017-09-09 21:48:02', 'apply', '3210343', '2017-2018-1');
INSERT INTO `history` VALUES ('136', 'I26', '3210343', '提交工作量项目：教学成果奖。', '2017-09-09 21:48:02', 'apply', '3210343', '2017-2018-1');
INSERT INTO `history` VALUES ('137', 'R11', '3210343', '修改工作量项目的部分信息:  项目名称 （原）校级教学成果奖 -> （新）教学成果奖', '2017-09-09 22:15:05', 'apply', '3210343', '2017-2018-1');
INSERT INTO `history` VALUES ('138', 'I24', '3210343', '提交工作量项目：校级教学成果奖。', '2017-09-09 22:28:24', 'apply', '3210343', '2017-2018-1');
INSERT INTO `history` VALUES ('139', 'I25', '3210343', '提交工作量项目：校级教学成果奖。', '2017-09-09 22:28:24', 'apply', '3210343', '2017-2018-1');
INSERT INTO `history` VALUES ('140', 'I26', '3210343', '提交工作量项目：校级教学成果奖。', '2017-09-09 22:28:24', 'apply', '3210343', '2017-2018-1');
INSERT INTO `history` VALUES ('141', 'R24', '3210343', '修改工作量项目的部分信息:  项目名称 （原）校级教学成果奖 -> （新）教学成果奖', '2017-09-09 22:37:28', 'apply', '3210343', '2017-2018-1');
INSERT INTO `history` VALUES ('142', 'I13', '3210343', '提交工作量项目：教学成果小组获奖。', '2017-09-09 22:42:17', 'apply', '3210343', '2017-2018-1');
INSERT INTO `history` VALUES ('143', 'I14', '3210343', '提交工作量项目：教学成果小组获奖。', '2017-09-09 22:42:17', 'apply', '3210343', '2017-2018-1');
INSERT INTO `history` VALUES ('144', 'I13', '3210343', '拒绝工作量项目：教学成果小组获奖。', '2017-09-11 00:48:01', 'apply', '3210343', '2017-2018-1');
INSERT INTO `history` VALUES ('145', 'I13', '3210343', '重新申请工作量项目：教学成果小组获奖。', '2017-09-11 00:58:38', 'apply', '3210343', '2017-2018-1');
INSERT INTO `history` VALUES ('146', 'I25', '6130057', '提交工作量项目：年度优秀教师奖。', '2017-09-11 14:31:40', 'apply', '3210343', '2017-2018-1');
INSERT INTO `history` VALUES ('147', 'I1', '3210343', '存疑工作量项目：教学成果奖。', '2017-09-11 15:29:35', 'import', '3210343', '2017-2018-1');
INSERT INTO `history` VALUES ('148', 'I1', '3210343', '解决工作量项目存疑：教学成果奖。', '2017-09-11 15:30:32', 'import', '3210343', '2017-2018-1');
INSERT INTO `history` VALUES ('149', 'I28', '6130057', '提交工作量项目：出版教材。', '2017-09-11 15:36:44', 'apply', '3210343', '2017-2018-1');
INSERT INTO `history` VALUES ('150', 'I29', '6130057', '提交工作量项目：出版教材。', '2017-09-11 15:36:44', 'apply', '3210343', '2017-2018-1');

-- ----------------------------
-- Table structure for `item`
-- ----------------------------
DROP TABLE IF EXISTS `item`;
CREATE TABLE `item` (
  `item_id` int(11) NOT NULL COMMENT '工作量申报id',
  `item_name` varchar(255) NOT NULL,
  `category_id` int(11) NOT NULL COMMENT '工作量条目id与工作量类目表一致',
  `owner_id` int(11) NOT NULL COMMENT '工作量归属人id，关联教师表',
  `parent_id` int(11) NOT NULL DEFAULT '0',
  `json_parameter` text NOT NULL COMMENT '存储该条目参数\n格式多组{key(参数名称)，vlue(参数值)}',
  `workload` double(11,2) NOT NULL COMMENT '该拥有者该条目占工作量（根据category表中的公式，通过参数进行计算所得值）',
  `group_manager_id` int(11) NOT NULL COMMENT '团队中负责人id（与owner_id一致时方可对条目进行操作）',
  `apply_desc` text COMMENT '申请时详细描述',
  `job_desc` text COMMENT '申请时职责描述',
  `proof` int(11) DEFAULT NULL COMMENT '证明，附件信息编号',
  `status` int(2) NOT NULL COMMENT '状态，0：未提交，1：未审核，2：通过，3：存疑，4 : 存疑通过，5：拒绝， -1：disable（删除）',
  `json_child_weight` text NOT NULL COMMENT '存储团队成员json串（格式{child_id：团队成员,value：团队成员占权重}）',
  `is_group` int(1) NOT NULL DEFAULT '0',
  `other_json` text,
  `version` varchar(255) NOT NULL COMMENT '版本号（学期号）',
  `category_code` varchar(255) DEFAULT NULL,
  PRIMARY KEY (`item_id`,`version`),
  KEY `fk_category_id` (`category_id`),
  CONSTRAINT `fk_category_id` FOREIGN KEY (`category_id`) REFERENCES `category` (`category_id`) ON DELETE CASCADE ON UPDATE NO ACTION
) ENGINE=InnoDB DEFAULT CHARSET=utf8 COMMENT='工作量计量表';

-- ----------------------------
-- Records of item
-- ----------------------------
INSERT INTO `item` VALUES ('1', '教学成果奖', '26', '3210343', '0', '', '3.00', '3210343', null, '指导老师', null, '4', '0.6', '0', '[{\"key\":\"奖项名称\",\"value\":\"教学成果奖\"},{\"key\":\"获奖项目\",\"value\":\"教学成果奖\"}]', '2017-2018-1', '0-1-6-26');
INSERT INTO `item` VALUES ('11', '教学成果奖', '77', '3210343', '0', '[{\"symbol\":\"A\",\"value\":1}]', '20.00', '3210343', '校级年度优秀教师', null, null, '1', '1.0', '0', '[{\"key\":\"奖项名称\",\"value\":\"教学成果奖\"},{\"key\":\"获奖项目\",\"value\":\"教学成果奖\"}]', '2017-2018-1', '0-2-75-76-77');
INSERT INTO `item` VALUES ('12', '教学成果小组获奖', '77', '3210343', '0', '[{\"symbol\":\"A\",\"value\":1}]', '20.00', '3210343', '教学成果小组获奖', '[{\"userId\":3210343,\"jobDesc\":\"指导老师\"},{\"userId\":6130057,\"jobDesc\":\"指导老师\"}]', null, '-1', '[{\"userId\":3210343,\"weight\":0.6},{\"userId\":6130057,\"weight\":0.4}]', '1', '[{\"key\":\"奖项名称\",\"value\":\"教学成果小组获奖\"},{\"key\":\"获奖项目\",\"value\":\"教学成果小组获奖\"}]', '2017-2018-1', '0-2-75-76-77');
INSERT INTO `item` VALUES ('13', '教学成果小组获奖', '77', '3210343', '0', '[{\"symbol\":\"A\",\"value\":1}]', '12.00', '3210343', '教学成果小组获奖', '指导老师', null, '-1', '0.6', '1', '[{\"key\":\"奖项名称\",\"value\":\"教学成果小组获奖\"},{\"key\":\"获奖项目\",\"value\":\"教学成果小组获奖\"}]', '2017-2018-1', '0-2-75-76-77');
INSERT INTO `item` VALUES ('14', '教学成果小组获奖', '77', '6130057', '13', '[{\"symbol\":\"A\",\"value\":1}]', '8.00', '3210343', '教学成果小组获奖', '指导老师', null, '-1', '0.4', '1', '[{\"key\":\"奖项名称\",\"value\":\"教学成果小组获奖\"},{\"key\":\"获奖项目\",\"value\":\"教学成果小组获奖\"}]', '2017-2018-1', '0-2-75-76-77');
INSERT INTO `item` VALUES ('15', '教学成果小组获奖', '77', '3210343', '0', '[{\"symbol\":\"A\",\"value\":1}]', '12.00', '3210343', '教学成果小组获奖', '指导老师', null, '1', '0.6', '1', '[{\"key\":\"奖项名称\",\"value\":\"教学成果小组获奖\"},{\"key\":\"获奖项目\",\"value\":\"教学成果小组获奖\"}]', '2017-2018-1', '0-2-75-76-77');
INSERT INTO `item` VALUES ('16', '教学成果小组获奖', '77', '6130057', '15', '[{\"symbol\":\"A\",\"value\":1}]', '8.00', '3210343', '教学成果小组获奖', '指导老师', null, '1', '0.4', '1', '[{\"key\":\"奖项名称\",\"value\":\"教学成果小组获奖\"},{\"key\":\"获奖项目\",\"value\":\"教学成果小组获奖\"}]', '2017-2018-1', '0-2-75-76-77');
INSERT INTO `item` VALUES ('17', '授课工作量', '27', '3210343', '0', '[{\"symbol\":\"A\",\"value\":32}]', '32.00', '3210343', 'SDN软件定义网络', null, null, '-1', '1.0', '0', '[{\"key\":\"课程名称\",\"value\":\"SDN软件定义网络\"}]', '2017-2018-1', '0-1-5-27');
INSERT INTO `item` VALUES ('18', '授课', '27', '3210343', '0', '[{\"symbol\":\"A\",\"value\":32}]', '32.00', '3210343', '软件定义网络授课', null, null, '-1', '1.0', '0', '[{\"key\":\"课程名称\",\"value\":\"软件定义网络\"},{\"key\":\"课程编号\",\"value\":\"123\"}]', '2017-2018-1', '0-1-5-27');
INSERT INTO `item` VALUES ('19', '出版教材', '27', '0', '0', '[{\"symbol\":\"A\",\"value\":32}]', '32.00', '0', '软件定义网络', null, null, '0', '1.0', '0', '[{\"key\":\"课程名称\",\"value\":\"软件定义网络\"},{\"key\":\"课程编号\",\"value\":\"123456\"}]', '2017-2018-1', '0-1-5-27');
INSERT INTO `item` VALUES ('20', '授课', '27', '5080254', '0', '[{\"symbol\":\"A\",\"value\":32}]', '32.00', '5080254', '授课', null, null, '0', '1.0', '0', '[{\"key\":\"课程名称\",\"value\":\"SDN软件定义网络\"},{\"key\":\"课程编号\",\"value\":\"23211313\"}]', '2017-2018-1', '0-1-5-27');
INSERT INTO `item` VALUES ('21', '测试导入新接口', '27', '3210343', '0', '[{\"symbol\":\"A\",\"value\":64.0}]', '64.00', '3210343', null, '测试', null, '0', '1', '0', '[{\"key\":\"课程名称\",\"value\":\"C语言\"},{\"key\":\"课程编号\",\"value\":\"E321034\"}]', '2017-2018-1', null);
INSERT INTO `item` VALUES ('22', '测试导入新接口', '27', '3210343', '0', '[{\"symbol\":\"A\",\"value\":64.0}]', '64.00', '3210343', null, '测试', null, '0', '1', '0', '[{\"key\":\"课程名称\",\"value\":\"C语言\"},{\"key\":\"课程编号\",\"value\":\"E321034\"}]', '2017-2018-1', null);
INSERT INTO `item` VALUES ('23', '测试导入新接口', '27', '3210343', '0', '[{\"symbol\":\"A\",\"value\":64.0}]', '64.00', '3210343', null, '测试', null, '0', '1', '0', '[{\"key\":\"课程名称\",\"value\":\"C语言\"},{\"key\":\"课程编号\",\"value\":\"E321034\"}]', '2017-2018-1', null);
INSERT INTO `item` VALUES ('24', '测试导入数据展示', '27', '6130057', '0', '[{\"symbol\":\"A\",\"value\":32.0}]', '32.00', '6130057', null, '测试', null, '0', '1', '0', '[{\"key\":\"课程名称\",\"value\":\"C语言\"},{\"key\":\"课程编号\",\"value\":\"E321034\"}]', '2017-2018-1', null);
INSERT INTO `item` VALUES ('25', '年度优秀教师奖', '84', '6130057', '0', '[{\"symbol\":\"A\",\"value\":1}]', '30.00', '6130057', '年度优秀教师奖', '[{\"userId\":6130057,\"jobDesc\":\"出版教材\"},{\"userId\":3210343,\"jobDesc\":\"修订教材\"}]', null, '0', '[{\"userId\":6130057,\"weight\":0.6},{\"userId\":3210343,\"weight\":0.4}]', '1', '[{\"key\":\"课程(教材)名称\",\"value\":\"SDN\"}]', '2017-2018-1', '0-2-84');
INSERT INTO `item` VALUES ('26', '申报测试', '77', '6130057', '0', '[{\"symbol\":\"A\",\"value\":1}]', '20.00', '6130057', '申报测试', null, null, '0', '1.0', '0', '[{\"key\":\"奖项名称\",\"value\":\"申报测试\"},{\"key\":\"获奖项目\",\"value\":\"申报测试\"}]', '2017-2018-1', '0-2-75-76-77');
INSERT INTO `item` VALUES ('27', '出版教材', '84', '6130057', '0', '[{\"symbol\":\"A\",\"value\":1}]', '30.00', '6130057', '出版教材', '[{\"userId\":3210343,\"jobDesc\":\"审核教材\"},{\"userId\":6130057,\"jobDesc\":\"出版教材\"}]', null, '-1', '[{\"userId\":3210343,\"weight\":0.4},{\"userId\":6130057,\"weight\":0.6}]', '1', '[{\"key\":\"课程(教材)名称\",\"value\":\"SDN软件定义网络\"}]', '2017-2018-1', '0-2-84');
INSERT INTO `item` VALUES ('28', '出版教材', '84', '6130057', '0', '[{\"symbol\":\"A\",\"value\":1}]', '18.00', '6130057', '出版教材', '出版教材', null, '1', '0.6', '1', '[{\"key\":\"课程(教材)名称\",\"value\":\"SDN软件定义网络\"}]', '2017-2018-1', '0-2-84');
INSERT INTO `item` VALUES ('29', '出版教材', '84', '3210343', '28', '[{\"symbol\":\"A\",\"value\":1}]', '12.00', '6130057', '出版教材', '审核教材', null, '1', '0.4', '1', '[{\"key\":\"课程(教材)名称\",\"value\":\"SDN软件定义网络\"}]', '2017-2018-1', '0-2-84');
INSERT INTO `item` VALUES ('30', '指导博士', '29', '3210343', '0', '[{\"symbol\":\"A\",\"value\":5.0}]', '50.00', '3210343', null, '导入测试', null, '0', '1', '0', '[]', '2017-2018-1', null);

-- ----------------------------
-- Table structure for `log`
-- ----------------------------
DROP TABLE IF EXISTS `log`;
CREATE TABLE `log` (
  `log_id` int(11) NOT NULL,
  `level` char(4) DEFAULT NULL COMMENT '日志等级（INFO，WARNING，ERROR等）',
  `message` text COMMENT '日志信息',
  `status` tinyint(4) DEFAULT NULL COMMENT '状态',
  `create_time` int(11) DEFAULT NULL COMMENT '创建时间',
  `actor_id` int(11) NOT NULL DEFAULT '0' COMMENT '相关用户',
  PRIMARY KEY (`log_id`)
) ENGINE=InnoDB DEFAULT CHARSET=utf8 COMMENT='系统日志';

-- ----------------------------
-- Records of log
-- ----------------------------
INSERT INTO `log` VALUES ('1', '1', 'test_message_1', '1', '123', '1');

-- ----------------------------
-- Table structure for `subject`
-- ----------------------------
DROP TABLE IF EXISTS `subject`;
CREATE TABLE `subject` (
  `subject_id` int(11) NOT NULL COMMENT '交互编号',
  `item_id` int(11) NOT NULL COMMENT '存疑工作量id',
  `msg_content` varchar(255) NOT NULL COMMENT '消息内容',
  `send_from_id` int(11) NOT NULL COMMENT '消息发送者（条目审核人id或条目申报人id）',
  `send_time` int(11) NOT NULL COMMENT '发送时间',
  `version` varchar(255) NOT NULL,
  PRIMARY KEY (`subject_id`,`version`),
  KEY `fk_item_id` (`item_id`),
  CONSTRAINT `fk_item_id` FOREIGN KEY (`item_id`) REFERENCES `item` (`item_id`) ON DELETE NO ACTION ON UPDATE NO ACTION
) ENGINE=InnoDB DEFAULT CHARSET=utf8 COMMENT='交互内容表';

-- ----------------------------
-- Records of subject
-- ----------------------------
INSERT INTO `subject` VALUES ('1', '13', '错误', '3210343', '1505062080', '2017-2018-1');
INSERT INTO `subject` VALUES ('2', '1', '存疑', '3210343', '1505114975', '2017-2018-1');
INSERT INTO `subject` VALUES ('3', '1', '存疑解决了', '3210343', '1505115032', '2017-2018-1');

-- ----------------------------
-- Table structure for `teacher`
-- ----------------------------
DROP TABLE IF EXISTS `teacher`;
CREATE TABLE `teacher` (
  `teacher_id` bigint(20) NOT NULL COMMENT '教师编号',
  `name` varchar(20) NOT NULL COMMENT '教师姓名',
  `gender` char(1) NOT NULL COMMENT '教师性别\n	M=>男\n	F=>女\n	O=>未知',
  `campus` char(1) NOT NULL COMMENT '校区:\n	S=>沙河\n	Q=>清水河\n	 J=>九里提',
  `department_id` tinyint(3) unsigned DEFAULT NULL COMMENT '部门编号',
  `education_id` tinyint(3) unsigned DEFAULT NULL COMMENT '学历编号',
  `degree_id` tinyint(3) unsigned DEFAULT NULL COMMENT '学位编号',
  `major` varchar(50) DEFAULT NULL COMMENT '主要方向',
  `position` varchar(20) DEFAULT NULL COMMENT '职务',
  `professional_title` varchar(20) DEFAULT NULL COMMENT '职称',
  `mobile` char(15) NOT NULL COMMENT '主要联系方式',
  `office_tel` char(15) NOT NULL COMMENT '工作电话',
  `email` varchar(50) DEFAULT NULL COMMENT '教师邮箱',
  `description` varchar(255) DEFAULT NULL COMMENT '教师描述',
  PRIMARY KEY (`teacher_id`),
  KEY `FK_department_teacher` (`department_id`),
  KEY `fk_teacher_education1_idx` (`education_id`),
  KEY `fk_teacher_degree1_idx` (`degree_id`)
) ENGINE=InnoDB DEFAULT CHARSET=utf8 COMMENT='教师信息';

-- ----------------------------
-- Records of teacher
-- ----------------------------
INSERT INTO `teacher` VALUES ('3200223', '谭浩', 'M', 'S', null, null, null, null, null, null, '13882065972', '', 'tanhao@uestc.edu.cn', null);
INSERT INTO `teacher` VALUES ('3200456', '陈栩霞', 'F', 'S', '1', null, null, null, null, null, '13668242876', '', 'chenxx405@uestc.edu.cn', null);
INSERT INTO `teacher` VALUES ('3201231', '唐雪飞', 'M', 'S', '2', null, null, null, null, null, '13908014545', '', '19640112@qq.com', null);
INSERT INTO `teacher` VALUES ('3201366', '雷航', 'M', 'S', '2', null, null, null, null, null, '83204103', '', 'hlei@uestc.edu.cn', null);
INSERT INTO `teacher` VALUES ('3201456', '罗惠琼', 'F', 'S', '2', null, null, null, null, null, '13980488680', '', 'luoyang3@uestc.edu.cn', null);
INSERT INTO `teacher` VALUES ('3201475', '刘军', 'M', 'S', '1', null, null, null, null, null, '13608066067', '', 'liujun_66@163.com', null);
INSERT INTO `teacher` VALUES ('3201497', '李光跃', 'M', 'S', '1', null, null, null, null, null, '18030764376', '', '', null);
INSERT INTO `teacher` VALUES ('3201516', '杨小桦', 'M', 'S', '1', null, null, null, null, null, '13018253254', '', 'ccccyxh@163.com', null);
INSERT INTO `teacher` VALUES ('3201531', '刘乃琦', 'M', 'S', '3', null, null, null, null, null, '13350092320', '', 'Nliu@uestc.edu.cn', null);
INSERT INTO `teacher` VALUES ('3201542', '刘玓', 'M', 'S', '4', null, null, null, null, null, '13608086680', '', 'liudi@uestc.edu.cn', null);
INSERT INTO `teacher` VALUES ('3201555', '郑冰', 'F', 'S', '5', null, null, null, null, null, '13808196372', '', 'cszb@uestc.edu.cn', null);
INSERT INTO `teacher` VALUES ('3201692', '黄克军', 'M', 'S', '2', null, null, null, null, null, '13808050749', '', 'kjhuang@uestc.edu.cn', null);
INSERT INTO `teacher` VALUES ('3201762', '何兴高', 'M', 'S', '2', null, null, null, null, null, '13708182428', '', 'happy_he@vip.163.com', null);
INSERT INTO `teacher` VALUES ('3201771', '文军', 'M', 'S', '4', null, null, null, null, null, '13438032255', '', 'Wenjun@uestc.edu.cn', null);
INSERT INTO `teacher` VALUES ('3201833', '王雁东', 'M', 'S', '2', null, null, null, null, null, '13183831972', '', 'wangyandong6429@sina.com', null);
INSERT INTO `teacher` VALUES ('3202005', '郝晓青', 'M', 'S', '6', null, null, null, null, null, '13982198299', '', 'Xqhao@uestc.edu.cn', null);
INSERT INTO `teacher` VALUES ('3202487', '朱清新', 'M', 'S', '2', null, null, null, null, null, '13608071232', '', 'qxzhu@uestc.edu.cn', null);
INSERT INTO `teacher` VALUES ('3202540', '刘辉', 'M', 'S', '2', null, null, null, null, null, '13880280019', '', 'huiliu@uestc.edu.cn', null);
INSERT INTO `teacher` VALUES ('3202781', '陈虹', 'M', 'S', '2', null, null, null, null, null, '18502817940', '', null, null);
INSERT INTO `teacher` VALUES ('3203158', '兰刚', 'M', 'S', '2', null, null, null, null, null, '', '', 'langang@uestc.edu.cn', null);
INSERT INTO `teacher` VALUES ('3203265', '李树全', 'M', 'S', '4', null, null, null, null, null, '13547962885', '', 'shuquanli@uestc.edu.cn', null);
INSERT INTO `teacher` VALUES ('3203281', '甘涛', 'M', 'S', '1', null, null, null, null, null, '', '', 'gantao@uestc.edu.cn', null);
INSERT INTO `teacher` VALUES ('3203317', '黄俊', 'M', 'S', '2', null, null, null, null, null, '', '', 'jhuang@uestc.edu.cn', null);
INSERT INTO `teacher` VALUES ('3203400', '江春华', 'M', 'S', '2', null, null, null, null, null, '13981829632', '', 'chjiang@uestc.edu.cn', null);
INSERT INTO `teacher` VALUES ('3203501', '刘启和', 'M', 'S', null, null, null, null, null, null, '15208292978', '', 'qiheliu@uestc.edu.cn', null);
INSERT INTO `teacher` VALUES ('3203604', '傅翀', 'M', 'S', '3', null, null, null, null, null, '13880608080', '', 'fuc@uestc.edu.cn', null);
INSERT INTO `teacher` VALUES ('3203611', '夏金祥', 'M', 'S', '2', null, null, null, null, null, '13908078638', '', 'jxxia@uestc.edu.cn', null);
INSERT INTO `teacher` VALUES ('3203634', '郭建东', 'M', 'S', '2', null, null, null, null, null, '13808184720', '', 'jdguo@uestc.edu.cn', null);
INSERT INTO `teacher` VALUES ('3203656', '邱元杰', 'M', 'S', '2', null, null, null, null, null, '13679081552', '', 'yuanjiq@126.com', null);
INSERT INTO `teacher` VALUES ('3203657', '程红蓉', 'F', 'S', null, null, null, null, null, null, '13808048529', '', 'hrcheng@uestc.edu.cn', null);
INSERT INTO `teacher` VALUES ('3203663', '陆庆', 'M', 'S', '4', null, null, null, null, null, '13350062851', '', 'luqing@uestc.edu.cn', null);
INSERT INTO `teacher` VALUES ('3203702', '管庆', 'M', 'S', '3', null, null, null, null, null, '13308074387', '', 'qguan@uestc.edu.cn', null);
INSERT INTO `teacher` VALUES ('3203753', '蔡竟业', 'M', 'S', '3', null, null, null, null, null, '83208057', '', 'xiaokun@uestc.edu.cn', null);
INSERT INTO `teacher` VALUES ('3203872', '吴晓华', 'F', 'S', '2', null, null, null, null, null, '13550360436', '', 'wxhcshua@126.com', null);
INSERT INTO `teacher` VALUES ('3203887', '万晓枫', 'F', 'S', '6', null, null, null, null, '讲师', '13880518251', '', 'Wxf611@163.com', null);
INSERT INTO `teacher` VALUES ('3203896', '谢娟', 'F', 'S', '1', null, null, null, null, null, '13808211607', '', 'jxie@uestc.edu.cn', null);
INSERT INTO `teacher` VALUES ('3203897', '张凤荔', 'F', 'S', '2', null, null, null, null, null, '13308039351', '', 'fzhang@uestc.edu.cn', null);
INSERT INTO `teacher` VALUES ('3204007', '刘瑶', 'M', 'S', '3', null, null, null, null, null, '13880138858', '', 'liuyao@uestc.edu.cn', null);
INSERT INTO `teacher` VALUES ('3204082', '王庆先', 'M', 'S', '2', null, null, null, null, null, '13982200580', '', 'qxwang@uestc.edu.cn', null);
INSERT INTO `teacher` VALUES ('3204084', '桑楠', 'M', 'S', '2', null, null, null, null, null, '13388167538', '', 'sn@uestc.edu.cn', null);
INSERT INTO `teacher` VALUES ('3204136', '陆鑫', 'M', 'S', '2', null, null, null, null, null, '13094445552', '', 'luxinmail@uestc.edu.cn', null);
INSERT INTO `teacher` VALUES ('3204143', '王琳', 'F', 'S', '3', null, null, null, null, null, '18008094562', '', 'wl@uestc.edu.cn', null);
INSERT INTO `teacher` VALUES ('3204184', '佘堃', 'M', 'S', '2', null, null, null, null, null, '13908054498', '', 'kunshe@126.com', null);
INSERT INTO `teacher` VALUES ('3204202', '杨霞', 'M', 'S', '2', null, null, null, null, null, '13458685796', '', 'xyang@uestc.edu.cn', null);
INSERT INTO `teacher` VALUES ('3204242', '白忠建', 'M', 'S', '2', null, null, null, null, null, '13880097070', '', 'baizj@uestc.edu.cn', null);
INSERT INTO `teacher` VALUES ('3204267', '范满平', 'M', 'S', '2', null, null, null, null, null, '', '', 'fmpfmp@uestc.edu.cn', null);
INSERT INTO `teacher` VALUES ('3204369', '秦志光', 'M', 'S', '7', null, null, null, null, null, '83202210', '', 'Qinzg@uestc.edu.cn', null);
INSERT INTO `teacher` VALUES ('3204375', '吴劲', 'M', 'S', '3', null, null, null, null, null, '13699066562', '', 'wj@uestc.edu.cn', null);
INSERT INTO `teacher` VALUES ('3204384', '顾小丰', 'M', 'S', '2', null, null, null, null, null, '13980057278', '', 'guxf@uestc.edu.cn', null);
INSERT INTO `teacher` VALUES ('3204525', '郭文生', 'M', 'S', '2', null, null, null, null, null, '13980876752', '', 'Gws@uestc.edu.cn', null);
INSERT INTO `teacher` VALUES ('3204544', '李巧勤', 'F', 'S', '2', null, null, null, null, null, '13689056153', '', 'Helenli803@163.com', null);
INSERT INTO `teacher` VALUES ('3204581', '詹瑾瑜', 'M', 'S', '2', null, null, null, null, null, '13980845195', '', 'zhanjy@uestc.edu.cn', null);
INSERT INTO `teacher` VALUES ('3204635', '陈伟', 'M', 'S', '4', null, null, null, null, null, '13982079665', '', 'chenwei@uestc.edu.cn', null);
INSERT INTO `teacher` VALUES ('3210048', '吴祖峰', 'M', 'S', '1', null, null, null, null, null, '83206475', '', 'wuzufeng@uestc.edu.cn', null);
INSERT INTO `teacher` VALUES ('3210049', '朱国斌', 'M', 'S', '1', null, null, null, null, null, '83207525', '', 'zhugb@uestc.edu.cn', null);
INSERT INTO `teacher` VALUES ('3210088', '任立勇', 'M', 'S', '2', null, null, null, null, null, '83201884', '', 'lyren_cs@uestc.edu.cn', null);
INSERT INTO `teacher` VALUES ('3210208', '陈佳', 'M', 'S', '4', null, null, null, null, null, '13308044372', '', 'jchen@uestc.edu.cn', null);
INSERT INTO `teacher` VALUES ('3210246', '杨尚明', 'M', 'S', '2', null, null, null, null, null, '13438163519', '', 'yang9901@yahoo.com', null);
INSERT INTO `teacher` VALUES ('3210251', '张帆', 'M', 'S', '2', null, null, null, null, null, '13980880800', '', 'zhangfan68@uestc.edu.cn', null);
INSERT INTO `teacher` VALUES ('3210319', '许毅', 'M', 'S', '4', null, null, null, null, null, '13550328895', '', 'xuyi0421@gmail.com', null);
INSERT INTO `teacher` VALUES ('3210326', '徐旭如', 'F', 'S', '8', null, null, null, null, null, '13982158379', '', 'xrx@uestc.edu.cn', null);
INSERT INTO `teacher` VALUES ('3210340', '朱大勇', 'M', 'S', '4', null, null, null, null, null, '13679006761', '', 'dayongzhu75@sina.com', null);
INSERT INTO `teacher` VALUES ('3210343', '张翔', 'M', 'S', '6', null, null, null, null, null, '13881823896', '', 'zhangx@uestc.edu.cn', null);
INSERT INTO `teacher` VALUES ('3210429', '钱伟中', 'M', 'S', '3', null, null, null, null, null, '13730885415', '', 'qwz_617@163.com', null);
INSERT INTO `teacher` VALUES ('3210465', '钟婷', 'F', 'S', '4', null, null, null, null, null, '13880088830', '', 'zhongting@uestc.edu.cn', null);
INSERT INTO `teacher` VALUES ('3210476', '江维', 'M', 'S', '2', null, null, null, null, null, '18228012808', '', 'weijiang@uestc.edu.cn', null);
INSERT INTO `teacher` VALUES ('5040043', '周世杰', 'M', 'S', null, null, null, null, null, null, '13980969005', '83202775', 'sjzhou@uestc.edu.cn', null);
INSERT INTO `teacher` VALUES ('5040084', '洪磊', 'F', 'S', '9', null, null, null, null, null, '13541036889', '', 'honglei1007@163.com', null);
INSERT INTO `teacher` VALUES ('5040126', '何明耘', 'M', 'S', '2', null, null, null, null, null, '15184421553', '', 'hmyun@uestc.edu.cn', null);
INSERT INTO `teacher` VALUES ('5050081', '刘勇国', 'M', 'S', '2', null, null, null, null, null, '13980786625', '', 'liuyg_cn@163.com', null);
INSERT INTO `teacher` VALUES ('5060112', '陈安龙', 'M', 'S', '2', null, null, null, null, null, '13688434459', '', 'chenanlong@uestc.edu.cn', null);
INSERT INTO `teacher` VALUES ('5060150', '潘琳', 'F', 'S', '1', null, null, null, null, null, '15008289092', '', 'ling2006em@yahoo.com.cn', null);
INSERT INTO `teacher` VALUES ('5070005', '廖勇', 'M', 'S', '2', null, null, null, null, null, '13350850928', '', 'liaoyong@uestc.edu.cn', null);
INSERT INTO `teacher` VALUES ('5070016', '匡平', 'M', 'S', '2', null, null, null, null, null, '18584059977', '', 'kuangping@uestc.edu.cn', null);
INSERT INTO `teacher` VALUES ('5070020', '徐红霞', 'F', 'S', '1', null, null, null, null, null, '13708179323', '', '785622540@qq.com', null);
INSERT INTO `teacher` VALUES ('5070032', '胡旺', 'M', 'S', '2', null, null, null, null, null, '18780261688', '', null, null);
INSERT INTO `teacher` VALUES ('5070153', '闫炜', 'M', 'S', '2', null, null, null, null, null, '13550288835', '', null, null);
INSERT INTO `teacher` VALUES ('5070176', '郝宗波', 'M', 'S', '2', null, null, null, null, null, '13688305843', '', 'haozb3@163.com', null);
INSERT INTO `teacher` VALUES ('5070181', '王佳昊', 'M', 'S', '4', null, null, null, null, null, '13881928902', '', 'wangjh@uestc.edu.cn', null);
INSERT INTO `teacher` VALUES ('5070183', '聂旭云', 'M', 'S', '4', null, null, null, null, null, '13541070970', '', 'nxy7509@sohu.com', null);
INSERT INTO `teacher` VALUES ('5070195', '王静', 'F', 'S', '4', null, null, null, null, null, '13568805596', '', 'jingwang@uestc.edu.cn', null);
INSERT INTO `teacher` VALUES ('5070201', '刘梦娟', 'F', 'S', '4', null, null, null, null, null, '13438865081', '', 'mjliu@uestc.edu.cn', null);
INSERT INTO `teacher` VALUES ('5070218', '廖永建', 'M', 'S', null, null, null, null, null, null, '13086605690', '', 'liaoyj@uestc.edu.cn', null);
INSERT INTO `teacher` VALUES ('5070228', '胡成华', 'M', 'S', '10', null, null, null, null, null, '13308227996', '', 'kahenson75@163.com', null);
INSERT INTO `teacher` VALUES ('5070233', '姚远哲', 'M', 'S', '4', null, null, null, null, null, '13308084046', '', 'yzyao@tsinghua.edu.cn', null);
INSERT INTO `teacher` VALUES ('5080045', '罗瑜', 'M', 'S', '2', null, null, null, null, null, '18608016113', '', 'yuluo77@163.com', null);
INSERT INTO `teacher` VALUES ('5080071', '苏生', 'M', 'S', '2', null, null, null, null, null, '18782211943', '', 'susheng@uestc.edu.cn', null);
INSERT INTO `teacher` VALUES ('5080092', '李凡', 'M', 'S', '2', null, null, null, null, null, '13882209679', '', 'lifan@uestc.edu.cn', null);
INSERT INTO `teacher` VALUES ('5080094', '于永斌', 'M', 'S', '3', null, null, null, null, null, '13908213984', '', 'ybyu@uestc.edu.cn', null);
INSERT INTO `teacher` VALUES ('5080099', '王伟东', 'M', 'S', '4', null, null, null, null, null, '13980869810', '', 'wdwang@uestc.edu.cn', null);
INSERT INTO `teacher` VALUES ('5080157', '叶欣', 'M', 'S', '1', null, null, null, null, null, '13880641526', '', null, null);
INSERT INTO `teacher` VALUES ('5080169', '肖堃', 'M', 'S', '6', null, null, null, null, null, '13881771169', '', 'xiaoxuanbai@163.com', null);
INSERT INTO `teacher` VALUES ('5080170', '吴正华', 'M', 'S', '2', null, null, null, null, null, '13908173345', '', 'wzhzxwz@sina.com', null);
INSERT INTO `teacher` VALUES ('5080186', '陈波', 'M', 'S', '2', null, null, null, null, null, '18628053000', '', 'bluesbeyond@vip.sina.com', null);
INSERT INTO `teacher` VALUES ('5080192', '曹晟', 'M', 'S', '2', null, null, null, null, null, '13540410801', '', 'caosheng@uestc.edu.cn', null);
INSERT INTO `teacher` VALUES ('5080216', '田文洪', 'M', 'S', '2', null, null, null, null, null, '13408064175', '', 'wenhong_tian@hotmail.com', null);
INSERT INTO `teacher` VALUES ('5080254', '张学', 'M', 'S', '2', null, null, null, null, null, '13880786329', '', 'zhangxue@dislab.nju.edu.cn', null);
INSERT INTO `teacher` VALUES ('5090020', '罗绪成', 'M', 'S', '4', null, null, null, null, null, '13688001865', '', 'xucheng@uestc.edu.cn', null);
INSERT INTO `teacher` VALUES ('5090041', '汤羽', 'M', 'S', '2', null, null, null, null, null, '18980981198', '', 'yutang@uestc.edu.cn', null);
INSERT INTO `teacher` VALUES ('5090115', '惠孛', 'M', 'S', '4', null, null, null, null, null, '13881997115', '', 'bHui@uestc.edu.cn', null);
INSERT INTO `teacher` VALUES ('5090119', '张宁', 'M', 'S', '2', null, null, null, null, null, '13880672388', '', 'zznn98@sina.com', null);
INSERT INTO `teacher` VALUES ('5090161', '陈峥', 'M', 'S', '3', null, null, null, null, null, '18602815226', '', 'chenzheng.prc@163.com', null);
INSERT INTO `teacher` VALUES ('5090218', '赵洋', 'M', 'S', '4', null, null, null, null, null, '15828030973', '', 'zhaoyang@uestc.edu.cn', null);
INSERT INTO `teacher` VALUES ('5090235', '熊虎', 'M', 'S', '4', null, null, null, null, null, '13402802747', '', 'xionghu.uestc@gmail.com', null);
INSERT INTO `teacher` VALUES ('5090236', '蓝天', 'M', 'S', '3', null, null, null, null, null, '13488929723', '', 'lantian1029@uestc.edu.cn', null);
INSERT INTO `teacher` VALUES ('5110007', '刘峤', 'M', 'S', '4', null, null, null, null, null, '18010678960', '', 'cnliuqiao@gmail.com', null);
INSERT INTO `teacher` VALUES ('5110016', '周瑞', 'M', 'S', '2', null, null, null, null, null, '18628060651', '', 'ruizhou@uestc.edu.cn', null);
INSERT INTO `teacher` VALUES ('5110037', '曹明生', 'M', 'S', '1', null, null, null, null, null, '15982345340', '', 'cmsuestc@126.com', null);
INSERT INTO `teacher` VALUES ('5120016', '吴佳', 'M', 'S', '3', null, null, null, null, null, '18030815972', '', 'jiawu@uestc.edu.cn', null);
INSERT INTO `teacher` VALUES ('5120017', '周尔强', 'M', 'S', '4', null, null, null, null, null, '18628365878', '', 'zhoueq@uestc.edu.cn', null);
INSERT INTO `teacher` VALUES ('5120033', '秦臻', 'M', 'S', '2', null, null, null, null, null, '', '', 'qinzhen@uestc.edu.cn', null);
INSERT INTO `teacher` VALUES ('5120043', '饶云波', 'M', 'S', '3', null, null, null, null, null, '15908177003', '', 'raoyb@uestc.edu.cn', null);
INSERT INTO `teacher` VALUES ('5120069', '梁一天', 'F', 'S', '1', null, null, null, null, null, '13550339045', '', 'liangyitian@uestc.edu.cn', null);
INSERT INTO `teacher` VALUES ('5120081', '丁熠', 'M', 'S', '4', null, null, null, null, '副教授', '13882219978', '', 'yi.ding@uestc.edu.cn', null);
INSERT INTO `teacher` VALUES ('5130008', '方峻', 'M', 'S', '3', null, null, null, null, null, '15828154009', '', 'fangjun@uestc.edu.cn', null);
INSERT INTO `teacher` VALUES ('5130009', '周帆', 'M', 'S', '4', null, null, null, null, null, '18683629599', '', 'fan.zhou@uestc.edu.cn', null);
INSERT INTO `teacher` VALUES ('5130018', '李小红', 'F', 'S', '1', null, null, null, null, null, '15828218700', '', '', null);
INSERT INTO `teacher` VALUES ('5130019', '王陆一', 'F', 'S', '1', null, null, null, null, null, '13438027704', '', '1135133776@qq.com', null);
INSERT INTO `teacher` VALUES ('5130112', '杨彦祥', 'M', 'S', '1', null, null, null, null, null, '13679030591', '', 'youngfq@gmail.com', null);
INSERT INTO `teacher` VALUES ('5130114', '钟林鹏', 'M', 'S', '1', null, null, null, null, null, '13730687320', '', 'zlp@uestc.edu.cn', null);
INSERT INTO `teacher` VALUES ('5130121', '邵俊明', 'M', 'S', '11', null, null, null, null, null, '18280096713', '', null, null);
INSERT INTO `teacher` VALUES ('5130126', '王瑞锦', 'M', 'S', '7', null, null, null, null, null, '18981972881', '', 'wrj8882003@163.com', null);
INSERT INTO `teacher` VALUES ('5140015', '李晓瑜', 'F', 'S', '2', null, null, null, null, null, '13730893157', '', '', null);
INSERT INTO `teacher` VALUES ('5140038', '林迪', 'M', 'S', '2', null, null, null, null, null, '18190837258', '', 'wlindi@163.com', null);
INSERT INTO `teacher` VALUES ('5140040', '张诗晗', 'F', 'S', '1', null, null, null, null, null, '13684063568', '', '85200290@qq.com', null);
INSERT INTO `teacher` VALUES ('5140067', '邓建华', 'M', 'S', '6', null, null, null, null, null, '15198008786', '', 'kiou6325@163.com', null);
INSERT INTO `teacher` VALUES ('5140070', '张栗粽', 'M', 'S', '12', null, null, null, null, null, '18628165749', '', null, null);
INSERT INTO `teacher` VALUES ('5140100', '邱实', 'M', 'S', '9', null, null, null, null, null, '13308236542', '', '154537284@qq.com', null);
INSERT INTO `teacher` VALUES ('5140101', '范淑焕', 'F', 'S', '1', null, null, null, null, null, '15882206932', '', null, null);
INSERT INTO `teacher` VALUES ('5140108', '徐翔', 'M', 'S', '1', null, null, null, null, null, '13982002880', '', '', null);
INSERT INTO `teacher` VALUES ('5142177', '左旭舟', 'M', 'S', '1', null, null, null, null, null, '18981972888', '', 'zuoxuzhou@126.com', null);
INSERT INTO `teacher` VALUES ('5162135', '邓伏虎', 'M', 'S', '14', null, null, null, null, null, '15881181422', '', 'fuhu.deng@uestc.edu.cn', null);
INSERT INTO `teacher` VALUES ('6000001', '特设教师', 'M', 'S', null, null, null, null, null, null, '', '', '308373053@qq.com', null);
INSERT INTO `teacher` VALUES ('6110027', '蒋沥泉', 'F', 'S', '1', null, null, null, null, null, '13550200108', '', 'helenjlq@163.com', null);
INSERT INTO `teacher` VALUES ('6120009', '易黎', 'F', 'S', '6', null, null, null, null, null, '18980943123', '', '573062055@qq.com', null);
INSERT INTO `teacher` VALUES ('6120012', '魏娟', 'F', 'S', '1', null, null, null, null, null, '15828647312', '', '1018445177@qq.com', null);
INSERT INTO `teacher` VALUES ('6120040', '王娅', 'F', 'S', '1', null, null, null, null, null, '18782190517', '', '561079385@qq.com', null);
INSERT INTO `teacher` VALUES ('6120047', '李彝利', 'M', 'S', '13', null, null, null, null, null, '13438806839', '', '592571535@qq.com', null);
INSERT INTO `teacher` VALUES ('6120058', '何中海', 'M', 'S', '6', null, null, null, null, null, '13550023389', '', 'zhongsea@gmail.com', null);
INSERT INTO `teacher` VALUES ('6130010', '王晔', 'F', 'S', '1', null, null, null, null, null, '15108246198', '', null, null);
INSERT INTO `teacher` VALUES ('6130044', '王添杨', 'M', 'S', '1', null, null, null, null, null, '13408681867', '', 'wty111222@126.com', null);
INSERT INTO `teacher` VALUES ('6130056', '朱相印', 'M', 'S', '6', null, null, null, null, null, '18602870218', '', '522835926@qq.com', null);
INSERT INTO `teacher` VALUES ('6130057', '李美蓉', 'F', 'S', '6', null, null, null, null, null, '18511878589', '', 'limeirong@uestc.edu.cn', null);
INSERT INTO `teacher` VALUES ('6130058', '文淑华', 'F', 'S', '1', null, null, null, null, null, '18108272477', '', '243071799@qq.com', null);
INSERT INTO `teacher` VALUES ('6142006', '石冀敏', 'M', 'S', '1', null, null, null, null, null, '13882279732', '', 'sjm@uestc.edu.cn', null);
INSERT INTO `teacher` VALUES ('6156302', '李贞昊', 'M', 'S', '2', null, null, null, null, null, '18482284040', '', 'kaguoosoft@126.com', null);
INSERT INTO `teacher` VALUES ('6156310', '冯月', 'F', 'S', '1', null, null, null, null, null, '', '', 'fyue@uestc.edu.cn', null);
INSERT INTO `teacher` VALUES ('6156311', '杨珊', 'F', 'S', '1', null, null, null, null, null, '18280233382', '', '', null);
INSERT INTO `teacher` VALUES ('7140003', 'GORDHAN DA', 'M', 'S', '14', null, null, null, null, '教授', '13880088830', '', 'gordhan@uestc.edu.cn', null);
INSERT INTO `teacher` VALUES ('7140258', '刘乐源', 'M', 'S', '15', null, null, null, null, null, '0', '', 'leyuanliu@qq.com', null);
INSERT INTO `teacher` VALUES ('7141201', '陈大江', 'M', 'S', '14', null, null, null, null, null, '0', '', 'dajiangchen2010@gmail.com', null);

-- ----------------------------
-- Table structure for `teacher_info`
-- ----------------------------
DROP TABLE IF EXISTS `teacher_info`;
CREATE TABLE `teacher_info` (
  `teacherId` int(11) NOT NULL,
  `teacher_name` varchar(255) DEFAULT NULL,
  `teacher_gender` varchar(255) DEFAULT NULL,
  `professional_title` varchar(255) DEFAULT NULL,
  PRIMARY KEY (`teacherId`)
) ENGINE=InnoDB DEFAULT CHARSET=utf8;

-- ----------------------------
-- Records of teacher_info
-- ----------------------------
INSERT INTO `teacher_info` VALUES ('3200223', '谭浩', '男', '副教授');
INSERT INTO `teacher_info` VALUES ('3201231', '唐雪飞', '男', '副教授');
INSERT INTO `teacher_info` VALUES ('3201366', '雷航', '男', '教授');
INSERT INTO `teacher_info` VALUES ('3201542', '刘玓', '男', '教授');
INSERT INTO `teacher_info` VALUES ('3201555', '郑冰', '女', '工程师');
INSERT INTO `teacher_info` VALUES ('3201692', '黄克军', '男', '讲师');
INSERT INTO `teacher_info` VALUES ('3201762', '何兴高', '男', '高级工程师');
INSERT INTO `teacher_info` VALUES ('3201771', '文军', '男', '副教授');
INSERT INTO `teacher_info` VALUES ('3201833', '王雁东', '男', '讲师');
INSERT INTO `teacher_info` VALUES ('3202005', '郝晓青', '男', '工程师');
INSERT INTO `teacher_info` VALUES ('3202487', '朱清新', '男', '教授');
INSERT INTO `teacher_info` VALUES ('3202540', '刘辉', '男', '讲师');
INSERT INTO `teacher_info` VALUES ('3203158', '兰刚', '男', '讲师');
INSERT INTO `teacher_info` VALUES ('3203265', '李树全', '男', '高级工程师');
INSERT INTO `teacher_info` VALUES ('3203281', '甘涛', '男', '副教授');
INSERT INTO `teacher_info` VALUES ('3203317', '黄俊', '男', '讲师');
INSERT INTO `teacher_info` VALUES ('3203400', '江春华', '男', '副教授');
INSERT INTO `teacher_info` VALUES ('3203501', '刘启和', '男', '副教授');
INSERT INTO `teacher_info` VALUES ('3203604', '傅翀', '男', '副教授');
INSERT INTO `teacher_info` VALUES ('3203611', '夏金祥', '男', '副教授');
INSERT INTO `teacher_info` VALUES ('3203634', '郭建东', '男', '副教授');
INSERT INTO `teacher_info` VALUES ('3203656', '邱元杰', '男', '讲师');
INSERT INTO `teacher_info` VALUES ('3203657', '程红蓉', '女', '副教授');
INSERT INTO `teacher_info` VALUES ('3203663', '陆庆', '女', '高级工程师');
INSERT INTO `teacher_info` VALUES ('3203702', '管庆', '男', '副教授');
INSERT INTO `teacher_info` VALUES ('3203753', '蔡竟业', '男', '教授');
INSERT INTO `teacher_info` VALUES ('3203872', '吴晓华', '女', '副教授');
INSERT INTO `teacher_info` VALUES ('3203887', '万晓枫', '女', '高级工程师');
INSERT INTO `teacher_info` VALUES ('3203896', '谢娟', '女', '工程师');
INSERT INTO `teacher_info` VALUES ('3203897', '张凤荔', '女', '教授');
INSERT INTO `teacher_info` VALUES ('3204007', '刘瑶', '女', '副教授');
INSERT INTO `teacher_info` VALUES ('3204082', '王庆先', '女', '副教授');
INSERT INTO `teacher_info` VALUES ('3204084', '桑楠', '男', '教授');
INSERT INTO `teacher_info` VALUES ('3204136', '陆鑫', '男', '副教授');
INSERT INTO `teacher_info` VALUES ('3204143', '王琳', '女', '副教授');
INSERT INTO `teacher_info` VALUES ('3204184', '佘堃', '男', '教授');
INSERT INTO `teacher_info` VALUES ('3204202', '杨霞', '女', '副教授');
INSERT INTO `teacher_info` VALUES ('3204242', '白忠建', '男', '讲师');
INSERT INTO `teacher_info` VALUES ('3204267', '范满平', '男', '工程师');
INSERT INTO `teacher_info` VALUES ('3204369', '秦志光', '男', '教授');
INSERT INTO `teacher_info` VALUES ('3204375', '吴劲', '女', '副教授');
INSERT INTO `teacher_info` VALUES ('3204384', '顾小丰', '男', '高级工程师');
INSERT INTO `teacher_info` VALUES ('3204525', '郭文生', '男', '副教授');
INSERT INTO `teacher_info` VALUES ('3204544', '李巧勤', '女', '副教授');
INSERT INTO `teacher_info` VALUES ('3204581', '詹瑾瑜', '女', '副教授');
INSERT INTO `teacher_info` VALUES ('3204635', '陈伟', '男', '副教授');
INSERT INTO `teacher_info` VALUES ('3210088', '任立勇', '男', '教授');
INSERT INTO `teacher_info` VALUES ('3210208', '陈佳', '女', '副教授');
INSERT INTO `teacher_info` VALUES ('3210246', '杨尚明', '男', '副教授');
INSERT INTO `teacher_info` VALUES ('3210251', '张帆', '男', '讲师');
INSERT INTO `teacher_info` VALUES ('3210319', '许毅', '男', '副教授');
INSERT INTO `teacher_info` VALUES ('3210340', '朱大勇', '男', '讲师');
INSERT INTO `teacher_info` VALUES ('3210343', '张翔', '男', '高级工程师');
INSERT INTO `teacher_info` VALUES ('3210429', '钱伟中', '男', '副教授');
INSERT INTO `teacher_info` VALUES ('3210465', '钟婷', '女', '副教授');
INSERT INTO `teacher_info` VALUES ('3210476', '江维', '男', '副教授');
INSERT INTO `teacher_info` VALUES ('5040043', '周世杰', '男', '教授');
INSERT INTO `teacher_info` VALUES ('5040126', '何明耘', '男', '讲师');
INSERT INTO `teacher_info` VALUES ('5050081', '刘勇国', '男', '教授');
INSERT INTO `teacher_info` VALUES ('5060112', '陈安龙', '男', '副教授');
INSERT INTO `teacher_info` VALUES ('5070005', '廖勇', '男', '副教授');
INSERT INTO `teacher_info` VALUES ('5070016', '匡平', '男', '副教授');
INSERT INTO `teacher_info` VALUES ('5070176', '郝宗波', '男', '副教授');
INSERT INTO `teacher_info` VALUES ('5070181', '王佳昊', '男', '副教授');
INSERT INTO `teacher_info` VALUES ('5070183', '聂旭云', '男', '副教授');
INSERT INTO `teacher_info` VALUES ('5070195', '王静', '女', '讲师');
INSERT INTO `teacher_info` VALUES ('5070201', '刘梦娟', '女', '副教授');
INSERT INTO `teacher_info` VALUES ('5070218', '廖永建', '男', '副教授');
INSERT INTO `teacher_info` VALUES ('5070228', '胡成华', '男', '讲师');
INSERT INTO `teacher_info` VALUES ('5070233', '姚远哲', '男', '讲师');
INSERT INTO `teacher_info` VALUES ('5080045', '罗瑜', '男', '讲师');
INSERT INTO `teacher_info` VALUES ('5080071', '苏生', '男', '副教授');
INSERT INTO `teacher_info` VALUES ('5080092', '李凡', '男', '副教授');
INSERT INTO `teacher_info` VALUES ('5080094', '于永斌', '男', '副教授');
INSERT INTO `teacher_info` VALUES ('5080099', '王伟东', '男', '讲师');
INSERT INTO `teacher_info` VALUES ('5080169', '肖堃', '男', '特聘高级实验师');
INSERT INTO `teacher_info` VALUES ('5080170', '吴正华', '男', '副教授');
INSERT INTO `teacher_info` VALUES ('5080186', '陈波', '男', '副教授');
INSERT INTO `teacher_info` VALUES ('5080192', '曹晟', '男', '副教授');
INSERT INTO `teacher_info` VALUES ('5080216', '田文洪', '男', '教授');
INSERT INTO `teacher_info` VALUES ('5080254', '张学', '男', '副教授');
INSERT INTO `teacher_info` VALUES ('5090020', '罗绪成', '男', '副教授');
INSERT INTO `teacher_info` VALUES ('5090041', '汤羽', '男', '教授');
INSERT INTO `teacher_info` VALUES ('5090115', '惠孛', '男', '副教授');
INSERT INTO `teacher_info` VALUES ('5090119', '张宁', '男', '讲师');
INSERT INTO `teacher_info` VALUES ('5090161', '陈峥', '男', '副教授');
INSERT INTO `teacher_info` VALUES ('5090218', '赵洋', '男', '副教授');
INSERT INTO `teacher_info` VALUES ('5090235', '熊虎', '男', '副教授');
INSERT INTO `teacher_info` VALUES ('5090236', '蓝天', '男', '副教授');
INSERT INTO `teacher_info` VALUES ('5110007', '刘峤', '男', '副教授');
INSERT INTO `teacher_info` VALUES ('5110016', '周瑞', '女', '副教授');
INSERT INTO `teacher_info` VALUES ('5120016', '吴佳', '女', '副教授');
INSERT INTO `teacher_info` VALUES ('5120017', '周尔强', '男', '副教授');
INSERT INTO `teacher_info` VALUES ('5120033', '秦臻', '男', '副教授');
INSERT INTO `teacher_info` VALUES ('5120043', '饶云波', '男', '副教授');
INSERT INTO `teacher_info` VALUES ('5120081', '丁熠', '男', '副教授');
INSERT INTO `teacher_info` VALUES ('5130008', '方峻', '男', '讲师');
INSERT INTO `teacher_info` VALUES ('5130009', '周帆', '男', '副教授');
INSERT INTO `teacher_info` VALUES ('5130126', '王瑞锦', '男', '实验师');
INSERT INTO `teacher_info` VALUES ('5140015', '李晓瑜', '女', '副教授');
INSERT INTO `teacher_info` VALUES ('5140038', '林迪', '男', '副教授');
INSERT INTO `teacher_info` VALUES ('5140067', '邓建华', '男', '特聘高级实验师');
INSERT INTO `teacher_info` VALUES ('5140108', '徐翔', '男', '讲师');
INSERT INTO `teacher_info` VALUES ('5142177', '左旭舟', '男', '讲师');
INSERT INTO `teacher_info` VALUES ('5162135', '邓伏虎', '男', '讲师');
INSERT INTO `teacher_info` VALUES ('5170008', '陈大江', '男', '讲师');
INSERT INTO `teacher_info` VALUES ('6120009', '易黎', '女', '工程师');
INSERT INTO `teacher_info` VALUES ('6120058', '何中海', '男', '工程师');
INSERT INTO `teacher_info` VALUES ('6130056', '朱相印', '男', '助理工程师');
INSERT INTO `teacher_info` VALUES ('6130057', '李美蓉', '女', '工程师');
INSERT INTO `teacher_info` VALUES ('6130058', '文淑华', '女', '助理工程师');
INSERT INTO `teacher_info` VALUES ('6156302', '李贞昊', '男', '助理工程师');
INSERT INTO `teacher_info` VALUES ('6156310', '冯月', '女', '助理工程师');
INSERT INTO `teacher_info` VALUES ('6156311', '杨珊', '女', '助理工程师');
INSERT INTO `teacher_info` VALUES ('6170008', '刘乐源', '男', '全职博士后');
INSERT INTO `teacher_info` VALUES ('7150201', '张玉宏', '男', '全职博士后');
INSERT INTO `teacher_info` VALUES ('7150252', 'ABUBAKER WAHABALLA HASSAN BABIKER', '男', '全职博士后');
INSERT INTO `teacher_info` VALUES ('7160269', '刘勇', '', '博士后');
INSERT INTO `teacher_info` VALUES ('7160271', '郑德生', '男', '全职博士后');
INSERT INTO `teacher_info` VALUES ('7160419', 'BAAGYERE EDWARD YELLAKUOR', '男', '博士后');

-- ----------------------------
-- Table structure for `teacher_workload`
-- ----------------------------
DROP TABLE IF EXISTS `teacher_workload`;
CREATE TABLE `teacher_workload` (
  `teacher_id` int(11) NOT NULL,
  `teacher_name` varchar(255) NOT NULL,
  `professional_title` varchar(255) DEFAULT NULL,
  `checked_workload` double(10,2) DEFAULT NULL,
  `unchecked_workload` double(10,2) DEFAULT NULL,
  `total_workload` double(12,2) DEFAULT NULL,
  `checked_items` int(11) DEFAULT NULL,
  `unchecked_items` int(11) DEFAULT NULL,
  `version` varchar(255) NOT NULL DEFAULT '',
  PRIMARY KEY (`teacher_id`,`version`)
) ENGINE=InnoDB DEFAULT CHARSET=utf8;

-- ----------------------------
-- Records of teacher_workload
-- ----------------------------
INSERT INTO `teacher_workload` VALUES ('3200223', '谭浩', '副教授', '0.00', '0.00', '0.00', '0', '0', '2017-2018-1');
INSERT INTO `teacher_workload` VALUES ('3201231', '唐雪飞', '副教授', '0.00', '0.00', '0.00', '0', '0', '2017-2018-1');
INSERT INTO `teacher_workload` VALUES ('3201366', '雷航', '教授', '0.00', '0.00', '0.00', '0', '0', '2017-2018-1');
INSERT INTO `teacher_workload` VALUES ('3201542', '刘玓', '教授', '0.00', '0.00', '0.00', '0', '0', '2017-2018-1');
INSERT INTO `teacher_workload` VALUES ('3201555', '郑冰', '工程师', '0.00', '0.00', '0.00', '0', '0', '2017-2018-1');
INSERT INTO `teacher_workload` VALUES ('3201692', '黄克军', '讲师', '0.00', '0.00', '0.00', '0', '0', '2017-2018-1');
INSERT INTO `teacher_workload` VALUES ('3201762', '何兴高', '高级工程师', '0.00', '0.00', '0.00', '0', '0', '2017-2018-1');
INSERT INTO `teacher_workload` VALUES ('3201771', '文军', '副教授', '0.00', '0.00', '0.00', '0', '0', '2017-2018-1');
INSERT INTO `teacher_workload` VALUES ('3201833', '王雁东', '讲师', '0.00', '0.00', '0.00', '0', '0', '2017-2018-1');
INSERT INTO `teacher_workload` VALUES ('3202005', '郝晓青', '工程师', '0.00', '0.00', '0.00', '0', '0', '2017-2018-1');
INSERT INTO `teacher_workload` VALUES ('3202487', '朱清新', '教授', '0.00', '0.00', '0.00', '0', '0', '2017-2018-1');
INSERT INTO `teacher_workload` VALUES ('3202540', '刘辉', '讲师', '0.00', '0.00', '0.00', '0', '0', '2017-2018-1');
INSERT INTO `teacher_workload` VALUES ('3203158', '兰刚', '讲师', '0.00', '0.00', '0.00', '0', '0', '2017-2018-1');
INSERT INTO `teacher_workload` VALUES ('3203265', '李树全', '高级工程师', '0.00', '0.00', '0.00', '0', '0', '2017-2018-1');
INSERT INTO `teacher_workload` VALUES ('3203281', '甘涛', '副教授', '0.00', '0.00', '0.00', '0', '0', '2017-2018-1');
INSERT INTO `teacher_workload` VALUES ('3203317', '黄俊', '讲师', '0.00', '0.00', '0.00', '0', '0', '2017-2018-1');
INSERT INTO `teacher_workload` VALUES ('3203400', '江春华', '副教授', '0.00', '0.00', '0.00', '0', '0', '2017-2018-1');
INSERT INTO `teacher_workload` VALUES ('3203501', '刘启和', '副教授', '0.00', '0.00', '0.00', '0', '0', '2017-2018-1');
INSERT INTO `teacher_workload` VALUES ('3203604', '傅翀', '副教授', '0.00', '0.00', '0.00', '0', '0', '2017-2018-1');
INSERT INTO `teacher_workload` VALUES ('3203611', '夏金祥', '副教授', '0.00', '0.00', '0.00', '0', '0', '2017-2018-1');
INSERT INTO `teacher_workload` VALUES ('3203634', '郭建东', '副教授', '0.00', '0.00', '0.00', '0', '0', '2017-2018-1');
INSERT INTO `teacher_workload` VALUES ('3203656', '邱元杰', '讲师', '0.00', '0.00', '0.00', '0', '0', '2017-2018-1');
INSERT INTO `teacher_workload` VALUES ('3203657', '程红蓉', '副教授', '0.00', '0.00', '0.00', '0', '0', '2017-2018-1');
INSERT INTO `teacher_workload` VALUES ('3203663', '陆庆', '高级工程师', '0.00', '0.00', '0.00', '0', '0', '2017-2018-1');
INSERT INTO `teacher_workload` VALUES ('3203702', '管庆', '副教授', '0.00', '0.00', '0.00', '0', '0', '2017-2018-1');
INSERT INTO `teacher_workload` VALUES ('3203753', '蔡竟业', '教授', '0.00', '0.00', '0.00', '0', '0', '2017-2018-1');
INSERT INTO `teacher_workload` VALUES ('3203872', '吴晓华', '副教授', '0.00', '0.00', '0.00', '0', '0', '2017-2018-1');
INSERT INTO `teacher_workload` VALUES ('3203887', '万晓枫', '高级工程师', '0.00', '0.00', '0.00', '0', '0', '2017-2018-1');
INSERT INTO `teacher_workload` VALUES ('3203896', '谢娟', '工程师', '0.00', '0.00', '0.00', '0', '0', '2017-2018-1');
INSERT INTO `teacher_workload` VALUES ('3203897', '张凤荔', '教授', '0.00', '0.00', '0.00', '0', '0', '2017-2018-1');
INSERT INTO `teacher_workload` VALUES ('3204007', '刘瑶', '副教授', '0.00', '0.00', '0.00', '0', '0', '2017-2018-1');
INSERT INTO `teacher_workload` VALUES ('3204082', '王庆先', '副教授', '0.00', '0.00', '0.00', '0', '0', '2017-2018-1');
INSERT INTO `teacher_workload` VALUES ('3204084', '桑楠', '教授', '0.00', '0.00', '0.00', '0', '0', '2017-2018-1');
INSERT INTO `teacher_workload` VALUES ('3204136', '陆鑫', '副教授', '0.00', '0.00', '0.00', '0', '0', '2017-2018-1');
INSERT INTO `teacher_workload` VALUES ('3204143', '王琳', '副教授', '0.00', '0.00', '0.00', '0', '0', '2017-2018-1');
INSERT INTO `teacher_workload` VALUES ('3204184', '佘堃', '教授', '0.00', '0.00', '0.00', '0', '0', '2017-2018-1');
INSERT INTO `teacher_workload` VALUES ('3204202', '杨霞', '副教授', '0.00', '0.00', '0.00', '0', '0', '2017-2018-1');
INSERT INTO `teacher_workload` VALUES ('3204242', '白忠建', '讲师', '0.00', '0.00', '0.00', '0', '0', '2017-2018-1');
INSERT INTO `teacher_workload` VALUES ('3204267', '范满平', '工程师', '0.00', '0.00', '0.00', '0', '0', '2017-2018-1');
INSERT INTO `teacher_workload` VALUES ('3204369', '秦志光', '教授', '0.00', '0.00', '0.00', '0', '0', '2017-2018-1');
INSERT INTO `teacher_workload` VALUES ('3204375', '吴劲', '副教授', '0.00', '0.00', '0.00', '0', '0', '2017-2018-1');
INSERT INTO `teacher_workload` VALUES ('3204384', '顾小丰', '高级工程师', '0.00', '0.00', '0.00', '0', '0', '2017-2018-1');
INSERT INTO `teacher_workload` VALUES ('3204525', '郭文生', '副教授', '0.00', '0.00', '0.00', '0', '0', '2017-2018-1');
INSERT INTO `teacher_workload` VALUES ('3204544', '李巧勤', '副教授', '0.00', '0.00', '0.00', '0', '0', '2017-2018-1');
INSERT INTO `teacher_workload` VALUES ('3204581', '詹瑾瑜', '副教授', '0.00', '0.00', '0.00', '0', '0', '2017-2018-1');
INSERT INTO `teacher_workload` VALUES ('3204635', '陈伟', '副教授', '0.00', '0.00', '0.00', '0', '0', '2017-2018-1');
INSERT INTO `teacher_workload` VALUES ('3210088', '任立勇', '教授', '0.00', '0.00', '0.00', '0', '0', '2017-2018-1');
INSERT INTO `teacher_workload` VALUES ('3210208', '陈佳', '副教授', '0.00', '0.00', '0.00', '0', '0', '2017-2018-1');
INSERT INTO `teacher_workload` VALUES ('3210246', '杨尚明', '副教授', '0.00', '0.00', '0.00', '0', '0', '2017-2018-1');
INSERT INTO `teacher_workload` VALUES ('3210251', '张帆', '讲师', '0.00', '0.00', '0.00', '0', '0', '2017-2018-1');
INSERT INTO `teacher_workload` VALUES ('3210319', '许毅', '副教授', '0.00', '0.00', '0.00', '0', '0', '2017-2018-1');
INSERT INTO `teacher_workload` VALUES ('3210340', '朱大勇', '讲师', '0.00', '0.00', '0.00', '0', '0', '2017-2018-1');
INSERT INTO `teacher_workload` VALUES ('3210343', '张翔', '高级工程师', '0.00', '90.00', '90.00', '0', '14', '2017-2018-1');
INSERT INTO `teacher_workload` VALUES ('3210429', '钱伟中', '副教授', '0.00', '0.00', '0.00', '0', '0', '2017-2018-1');
INSERT INTO `teacher_workload` VALUES ('3210465', '钟婷', '副教授', '0.00', '0.00', '0.00', '0', '0', '2017-2018-1');
INSERT INTO `teacher_workload` VALUES ('3210476', '江维', '副教授', '0.00', '0.00', '0.00', '0', '0', '2017-2018-1');
INSERT INTO `teacher_workload` VALUES ('5040043', '周世杰', '教授', '0.00', '0.00', '0.00', '0', '0', '2017-2018-1');
INSERT INTO `teacher_workload` VALUES ('5040126', '何明耘', '讲师', '0.00', '0.00', '0.00', '0', '0', '2017-2018-1');
INSERT INTO `teacher_workload` VALUES ('5050081', '刘勇国', '教授', '0.00', '0.00', '0.00', '0', '0', '2017-2018-1');
INSERT INTO `teacher_workload` VALUES ('5060112', '陈安龙', '副教授', '0.00', '0.00', '0.00', '0', '0', '2017-2018-1');
INSERT INTO `teacher_workload` VALUES ('5070005', '廖勇', '副教授', '0.00', '0.00', '0.00', '0', '0', '2017-2018-1');
INSERT INTO `teacher_workload` VALUES ('5070016', '匡平', '副教授', '0.00', '0.00', '0.00', '0', '0', '2017-2018-1');
INSERT INTO `teacher_workload` VALUES ('5070176', '郝宗波', '副教授', '0.00', '0.00', '0.00', '0', '0', '2017-2018-1');
INSERT INTO `teacher_workload` VALUES ('5070181', '王佳昊', '副教授', '0.00', '0.00', '0.00', '0', '0', '2017-2018-1');
INSERT INTO `teacher_workload` VALUES ('5070183', '聂旭云', '副教授', '0.00', '0.00', '0.00', '0', '0', '2017-2018-1');
INSERT INTO `teacher_workload` VALUES ('5070195', '王静', '讲师', '0.00', '0.00', '0.00', '0', '0', '2017-2018-1');
INSERT INTO `teacher_workload` VALUES ('5070201', '刘梦娟', '副教授', '0.00', '0.00', '0.00', '0', '0', '2017-2018-1');
INSERT INTO `teacher_workload` VALUES ('5070218', '廖永建', '副教授', '0.00', '0.00', '0.00', '0', '0', '2017-2018-1');
INSERT INTO `teacher_workload` VALUES ('5070228', '胡成华', '讲师', '0.00', '0.00', '0.00', '0', '0', '2017-2018-1');
INSERT INTO `teacher_workload` VALUES ('5070233', '姚远哲', '讲师', '0.00', '0.00', '0.00', '0', '0', '2017-2018-1');
INSERT INTO `teacher_workload` VALUES ('5080045', '罗瑜', '讲师', '0.00', '0.00', '0.00', '0', '0', '2017-2018-1');
INSERT INTO `teacher_workload` VALUES ('5080071', '苏生', '副教授', '0.00', '0.00', '0.00', '0', '0', '2017-2018-1');
INSERT INTO `teacher_workload` VALUES ('5080092', '李凡', '副教授', '0.00', '0.00', '0.00', '0', '0', '2017-2018-1');
INSERT INTO `teacher_workload` VALUES ('5080094', '于永斌', '副教授', '0.00', '0.00', '0.00', '0', '0', '2017-2018-1');
INSERT INTO `teacher_workload` VALUES ('5080099', '王伟东', '讲师', '0.00', '0.00', '0.00', '0', '0', '2017-2018-1');
INSERT INTO `teacher_workload` VALUES ('5080169', '肖堃', '特聘高级实验师', '0.00', '0.00', '0.00', '0', '0', '2017-2018-1');
INSERT INTO `teacher_workload` VALUES ('5080170', '吴正华', '副教授', '0.00', '0.00', '0.00', '0', '0', '2017-2018-1');
INSERT INTO `teacher_workload` VALUES ('5080186', '陈波', '副教授', '0.00', '0.00', '0.00', '0', '0', '2017-2018-1');
INSERT INTO `teacher_workload` VALUES ('5080192', '曹晟', '副教授', '0.00', '0.00', '0.00', '0', '0', '2017-2018-1');
INSERT INTO `teacher_workload` VALUES ('5080216', '田文洪', '教授', '0.00', '0.00', '0.00', '0', '0', '2017-2018-1');
INSERT INTO `teacher_workload` VALUES ('5080254', '张学', '副教授', '0.00', '0.00', '0.00', '0', '0', '2017-2018-1');
INSERT INTO `teacher_workload` VALUES ('5090020', '罗绪成', '副教授', '0.00', '0.00', '0.00', '0', '0', '2017-2018-1');
INSERT INTO `teacher_workload` VALUES ('5090041', '汤羽', '教授', '0.00', '0.00', '0.00', '0', '0', '2017-2018-1');
INSERT INTO `teacher_workload` VALUES ('5090115', '惠孛', '副教授', '0.00', '0.00', '0.00', '0', '0', '2017-2018-1');
INSERT INTO `teacher_workload` VALUES ('5090119', '张宁', '讲师', '0.00', '0.00', '0.00', '0', '0', '2017-2018-1');
INSERT INTO `teacher_workload` VALUES ('5090161', '陈峥', '副教授', '0.00', '0.00', '0.00', '0', '0', '2017-2018-1');
INSERT INTO `teacher_workload` VALUES ('5090218', '赵洋', '副教授', '0.00', '0.00', '0.00', '0', '0', '2017-2018-1');
INSERT INTO `teacher_workload` VALUES ('5090235', '熊虎', '副教授', '0.00', '0.00', '0.00', '0', '0', '2017-2018-1');
INSERT INTO `teacher_workload` VALUES ('5090236', '蓝天', '副教授', '0.00', '0.00', '0.00', '0', '0', '2017-2018-1');
INSERT INTO `teacher_workload` VALUES ('5110007', '刘峤', '副教授', '0.00', '0.00', '0.00', '0', '0', '2017-2018-1');
INSERT INTO `teacher_workload` VALUES ('5110016', '周瑞', '副教授', '0.00', '0.00', '0.00', '0', '0', '2017-2018-1');
INSERT INTO `teacher_workload` VALUES ('5120016', '吴佳', '副教授', '0.00', '0.00', '0.00', '0', '0', '2017-2018-1');
INSERT INTO `teacher_workload` VALUES ('5120017', '周尔强', '副教授', '0.00', '0.00', '0.00', '0', '0', '2017-2018-1');
INSERT INTO `teacher_workload` VALUES ('5120033', '秦臻', '副教授', '0.00', '0.00', '0.00', '0', '0', '2017-2018-1');
INSERT INTO `teacher_workload` VALUES ('5120043', '饶云波', '副教授', '0.00', '0.00', '0.00', '0', '0', '2017-2018-1');
INSERT INTO `teacher_workload` VALUES ('5120081', '丁熠', '副教授', '0.00', '0.00', '0.00', '0', '0', '2017-2018-1');
INSERT INTO `teacher_workload` VALUES ('5130008', '方峻', '讲师', '0.00', '0.00', '0.00', '0', '0', '2017-2018-1');
INSERT INTO `teacher_workload` VALUES ('5130009', '周帆', '副教授', '0.00', '0.00', '0.00', '0', '0', '2017-2018-1');
INSERT INTO `teacher_workload` VALUES ('5130126', '王瑞锦', '实验师', '0.00', '0.00', '0.00', '0', '0', '2017-2018-1');
INSERT INTO `teacher_workload` VALUES ('5140015', '李晓瑜', '副教授', '0.00', '0.00', '0.00', '0', '0', '2017-2018-1');
INSERT INTO `teacher_workload` VALUES ('5140038', '林迪', '副教授', '0.00', '0.00', '0.00', '0', '0', '2017-2018-1');
INSERT INTO `teacher_workload` VALUES ('5140067', '邓建华', '特聘高级实验师', '0.00', '0.00', '0.00', '0', '0', '2017-2018-1');
INSERT INTO `teacher_workload` VALUES ('5140108', '徐翔', '讲师', '0.00', '0.00', '0.00', '0', '0', '2017-2018-1');
INSERT INTO `teacher_workload` VALUES ('5142177', '左旭舟', '讲师', '0.00', '0.00', '0.00', '0', '0', '2017-2018-1');
INSERT INTO `teacher_workload` VALUES ('5162135', '邓伏虎', '讲师', '0.00', '0.00', '0.00', '0', '0', '2017-2018-1');
INSERT INTO `teacher_workload` VALUES ('6120009', '易黎', '工程师', '0.00', '0.00', '0.00', '0', '0', '2017-2018-1');
INSERT INTO `teacher_workload` VALUES ('6120058', '何中海', '工程师', '0.00', '0.00', '0.00', '0', '0', '2017-2018-1');
INSERT INTO `teacher_workload` VALUES ('6130056', '朱相印', '助理工程师', '0.00', '0.00', '0.00', '0', '0', '2017-2018-1');
INSERT INTO `teacher_workload` VALUES ('6130057', '李美蓉', '工程师', '0.00', '52.00', '52.00', '0', '6', '2017-2018-1');
INSERT INTO `teacher_workload` VALUES ('6130058', '文淑华', '助理工程师', '0.00', '0.00', '0.00', '0', '0', '2017-2018-1');
INSERT INTO `teacher_workload` VALUES ('6156302', '李贞昊', '助理工程师', '0.00', '0.00', '0.00', '0', '0', '2017-2018-1');
INSERT INTO `teacher_workload` VALUES ('6156310', '冯月', '助理工程师', '0.00', '0.00', '0.00', '0', '0', '2017-2018-1');
INSERT INTO `teacher_workload` VALUES ('6156311', '杨珊', '助理工程师', '0.00', '4.00', '4.00', '0', '3', '2017-2018-1');
INSERT INTO `teacher_workload` VALUES ('7140003', 'GORDHAN DA', '教授', '0.00', '0.00', '0.00', '0', '0', '2017-2018-1');

-- ----------------------------
-- Table structure for `user_role`
-- ----------------------------
DROP TABLE IF EXISTS `user_role`;
CREATE TABLE `user_role` (
  `user_id` int(11) NOT NULL,
  `role` text,
  `status` tinyint(4) NOT NULL,
  `deadline` int(11) NOT NULL,
  PRIMARY KEY (`user_id`)
) ENGINE=InnoDB DEFAULT CHARSET=utf8;

-- ----------------------------
-- Records of user_role
-- ----------------------------
INSERT INTO `user_role` VALUES ('3200223', '[{\"role\":\"TE\",\"roleName\":\"复核人(普通教师)\"}]', '1', '1502380800');
INSERT INTO `user_role` VALUES ('3200456', '[{\"role\":\"TE\",\"roleName\":\"复核人(普通教师)\"}]', '1', '1502380800');
INSERT INTO `user_role` VALUES ('3201231', '[{\"role\":\"TE\",\"roleName\":\"复核人(普通教师)\"}]', '1', '1502380800');
INSERT INTO `user_role` VALUES ('3201366', '[{\"role\":\"TE\",\"roleName\":\"复核人(普通教师)\"}]', '1', '1502380800');
INSERT INTO `user_role` VALUES ('3201456', '[{\"role\":\"TE\",\"roleName\":\"复核人(普通教师)\"}]', '1', '1502380800');
INSERT INTO `user_role` VALUES ('3201475', '[{\"role\":\"TE\",\"roleName\":\"复核人(普通教师)\"}]', '1', '1502380800');
INSERT INTO `user_role` VALUES ('3201497', '[{\"role\":\"TE\",\"roleName\":\"复核人(普通教师)\"}]', '1', '1502380800');
INSERT INTO `user_role` VALUES ('3201516', '[{\"role\":\"TE\",\"roleName\":\"复核人(普通教师)\"}]', '1', '1502380800');
INSERT INTO `user_role` VALUES ('3201531', '[{\"role\":\"TE\",\"roleName\":\"复核人(普通教师)\"}]', '1', '1502380800');
INSERT INTO `user_role` VALUES ('3201542', '[{\"role\":\"TE\",\"roleName\":\"复核人(普通教师)\"}]', '1', '1502380800');
INSERT INTO `user_role` VALUES ('3201555', '[{\"role\":\"TE\",\"roleName\":\"复核人(普通教师)\"}]', '1', '1502380800');
INSERT INTO `user_role` VALUES ('3201692', '[{\"role\":\"TE\",\"roleName\":\"复核人(普通教师)\"}]', '1', '1502380800');
INSERT INTO `user_role` VALUES ('3201762', '[{\"role\":\"TE\",\"roleName\":\"复核人(普通教师)\"}]', '1', '1502380800');
INSERT INTO `user_role` VALUES ('3201771', '[{\"role\":\"TE\",\"roleName\":\"复核人(普通教师)\"}]', '1', '1502380800');
INSERT INTO `user_role` VALUES ('3201833', '[{\"role\":\"TE\",\"roleName\":\"复核人(普通教师)\"}]', '1', '1502380800');
INSERT INTO `user_role` VALUES ('3202005', '[{\"role\":\"TE\",\"roleName\":\"复核人(普通教师)\"}]', '1', '1502380800');
INSERT INTO `user_role` VALUES ('3202487', '[{\"role\":\"TE\",\"roleName\":\"复核人(普通教师)\"}]', '1', '1502380800');
INSERT INTO `user_role` VALUES ('3202540', '[{\"role\":\"TE\",\"roleName\":\"复核人(普通教师)\"}]', '1', '1502380800');
INSERT INTO `user_role` VALUES ('3202781', '[{\"role\":\"TE\",\"roleName\":\"复核人(普通教师)\"}]', '1', '1502380800');
INSERT INTO `user_role` VALUES ('3203158', '[{\"role\":\"TE\",\"roleName\":\"复核人(普通教师)\"}]', '1', '1502380800');
INSERT INTO `user_role` VALUES ('3203265', '[{\"role\":\"TE\",\"roleName\":\"复核人(普通教师)\"}]', '1', '1502380800');
INSERT INTO `user_role` VALUES ('3203281', '[{\"role\":\"TE\",\"roleName\":\"复核人(普通教师)\"}]', '1', '1502380800');
INSERT INTO `user_role` VALUES ('3203317', '[{\"role\":\"TE\",\"roleName\":\"复核人(普通教师)\"}]', '1', '1502380800');
INSERT INTO `user_role` VALUES ('3203400', '[{\"role\":\"TE\",\"roleName\":\"复核人(普通教师)\"}]', '1', '1502380800');
INSERT INTO `user_role` VALUES ('3203501', '[{\"role\":\"TE\",\"roleName\":\"复核人(普通教师)\"}]', '1', '1502380800');
INSERT INTO `user_role` VALUES ('3203604', '[{\"role\":\"TE\",\"roleName\":\"复核人(普通教师)\"}]', '1', '1502380800');
INSERT INTO `user_role` VALUES ('3203611', '[{\"role\":\"TE\",\"roleName\":\"复核人(普通教师)\"}]', '1', '1502380800');
INSERT INTO `user_role` VALUES ('3203634', '[{\"role\":\"TE\",\"roleName\":\"复核人(普通教师)\"}]', '1', '1502380800');
INSERT INTO `user_role` VALUES ('3203656', '[{\"role\":\"TE\",\"roleName\":\"复核人(普通教师)\"}]', '1', '1502380800');
INSERT INTO `user_role` VALUES ('3203657', '[{\"role\":\"TE\",\"roleName\":\"复核人(普通教师)\"}]', '1', '1502380800');
INSERT INTO `user_role` VALUES ('3203663', '[{\"role\":\"TE\",\"roleName\":\"复核人(普通教师)\"}]', '1', '1502380800');
INSERT INTO `user_role` VALUES ('3203702', '[{\"role\":\"TE\",\"roleName\":\"复核人(普通教师)\"}]', '1', '1502380800');
INSERT INTO `user_role` VALUES ('3203753', '[{\"role\":\"TE\",\"roleName\":\"复核人(普通教师)\"}]', '1', '1502380800');
INSERT INTO `user_role` VALUES ('3203872', '[{\"role\":\"TE\",\"roleName\":\"复核人(普通教师)\"}]', '1', '1502380800');
INSERT INTO `user_role` VALUES ('3203887', '[{\"role\":\"TE\",\"roleName\":\"复核人(普通教师)\"}]', '1', '1502380800');
INSERT INTO `user_role` VALUES ('3203896', '[{\"role\":\"TE\",\"roleName\":\"复核人(普通教师)\"}]', '1', '1502380800');
INSERT INTO `user_role` VALUES ('3203897', '[{\"role\":\"TE\",\"roleName\":\"复核人(普通教师)\"}]', '1', '1502380800');
INSERT INTO `user_role` VALUES ('3204007', '[{\"role\":\"TE\",\"roleName\":\"复核人(普通教师)\"}]', '1', '1502380800');
INSERT INTO `user_role` VALUES ('3204082', '[{\"role\":\"TE\",\"roleName\":\"复核人(普通教师)\"}]', '1', '1502380800');
INSERT INTO `user_role` VALUES ('3204084', '[{\"role\":\"TE\",\"roleName\":\"复核人(普通教师)\"}]', '1', '1502380800');
INSERT INTO `user_role` VALUES ('3204136', '[{\"role\":\"TE\",\"roleName\":\"复核人(普通教师)\"}]', '1', '1502380800');
INSERT INTO `user_role` VALUES ('3204143', '[{\"role\":\"TE\",\"roleName\":\"复核人(普通教师)\"}]', '1', '1502380800');
INSERT INTO `user_role` VALUES ('3204184', '[{\"role\":\"TE\",\"roleName\":\"复核人(普通教师)\"}]', '1', '1502380800');
INSERT INTO `user_role` VALUES ('3204202', '[{\"role\":\"TE\",\"roleName\":\"复核人(普通教师)\"}]', '1', '1502380800');
INSERT INTO `user_role` VALUES ('3204242', '[{\"role\":\"TE\",\"roleName\":\"复核人(普通教师)\"}]', '1', '1502380800');
INSERT INTO `user_role` VALUES ('3204267', '[{\"role\":\"TE\",\"roleName\":\"复核人(普通教师)\"}]', '1', '1502380800');
INSERT INTO `user_role` VALUES ('3204369', '[{\"role\":\"TE\",\"roleName\":\"复核人(普通教师)\"}]', '1', '1502380800');
INSERT INTO `user_role` VALUES ('3204375', '[{\"role\":\"TE\",\"roleName\":\"复核人(普通教师)\"}]', '1', '1502380800');
INSERT INTO `user_role` VALUES ('3204384', '[{\"role\":\"TE\",\"roleName\":\"复核人(普通教师)\"}]', '1', '1502380800');
INSERT INTO `user_role` VALUES ('3204525', '[{\"role\":\"TE\",\"roleName\":\"复核人(普通教师)\"}]', '1', '1502380800');
INSERT INTO `user_role` VALUES ('3204544', '[{\"role\":\"TE\",\"roleName\":\"复核人(普通教师)\"}]', '1', '1502380800');
INSERT INTO `user_role` VALUES ('3204581', '[{\"role\":\"TE\",\"roleName\":\"复核人(普通教师)\"}]', '1', '1502380800');
INSERT INTO `user_role` VALUES ('3204635', '[{\"role\":\"TE\",\"roleName\":\"复核人(普通教师)\"}]', '1', '1502380800');
INSERT INTO `user_role` VALUES ('3210048', '[{\"role\":\"TE\",\"roleName\":\"复核人(普通教师)\"}]', '1', '1502380800');
INSERT INTO `user_role` VALUES ('3210049', '[{\"role\":\"TE\",\"roleName\":\"复核人(普通教师)\"}]', '1', '1502380800');
INSERT INTO `user_role` VALUES ('3210088', '[{\"role\":\"TE\",\"roleName\":\"复核人(普通教师)\"}]', '1', '1502380800');
INSERT INTO `user_role` VALUES ('3210208', '[{\"role\":\"TE\",\"roleName\":\"复核人(普通教师)\"}]', '1', '1502380800');
INSERT INTO `user_role` VALUES ('3210246', '[{\"role\":\"TE\",\"roleName\":\"复核人(普通教师)\"}]', '1', '1502380800');
INSERT INTO `user_role` VALUES ('3210251', '[{\"role\":\"TE\",\"roleName\":\"复核人(普通教师)\"}]', '1', '1502380800');
INSERT INTO `user_role` VALUES ('3210319', '[{\"role\":\"TE\",\"roleName\":\"复核人(普通教师)\"}]', '1', '1502380800');
INSERT INTO `user_role` VALUES ('3210326', '[{\"role\":\"TE\",\"roleName\":\"复核人(普通教师)\"}]', '1', '1502380800');
INSERT INTO `user_role` VALUES ('3210340', '[{\"role\":\"TE\",\"roleName\":\"复核人(普通教师)\"}]', '1', '1502380800');
INSERT INTO `user_role` VALUES ('3210343', '[{\"role\":\"ADMIN\",\"roleName\":\"工作量计算规则配置管理员\"},{\"role\":\"RE\",\"roleName\":\"工作量审核人\"},{\"role\":\"TE\",\"roleName\":\"复核人(普通教师)\"}]', '1', '1502380800');
INSERT INTO `user_role` VALUES ('3210429', '[{\"role\":\"TE\",\"roleName\":\"复核人(普通教师)\"}]', '1', '1502380800');
INSERT INTO `user_role` VALUES ('3210465', '[{\"role\":\"TE\",\"roleName\":\"复核人(普通教师)\"}]', '1', '1502380800');
INSERT INTO `user_role` VALUES ('3210476', '[{\"role\":\"TE\",\"roleName\":\"复核人(普通教师)\"}]', '1', '1502380800');
INSERT INTO `user_role` VALUES ('3213343', '[{\"role\":\"TE\",\"roleName\":\"复核人(普通教师)\"}]', '1', '1502640000');
INSERT INTO `user_role` VALUES ('5040043', '[{\"role\":\"TE\",\"roleName\":\"复核人(普通教师)\"}]', '1', '1502380800');
INSERT INTO `user_role` VALUES ('5040084', '[{\"role\":\"TE\",\"roleName\":\"复核人(普通教师)\"}]', '1', '1502380800');
INSERT INTO `user_role` VALUES ('5040126', '[{\"role\":\"TE\",\"roleName\":\"复核人(普通教师)\"}]', '1', '1502380800');
INSERT INTO `user_role` VALUES ('5050081', '[{\"role\":\"TE\",\"roleName\":\"复核人(普通教师)\"}]', '1', '1502380800');
INSERT INTO `user_role` VALUES ('5060112', '[{\"role\":\"TE\",\"roleName\":\"复核人(普通教师)\"}]', '1', '1502380800');
INSERT INTO `user_role` VALUES ('5060150', '[{\"role\":\"TE\",\"roleName\":\"复核人(普通教师)\"}]', '1', '1502380800');
INSERT INTO `user_role` VALUES ('5070005', '[{\"role\":\"TE\",\"roleName\":\"复核人(普通教师)\"}]', '1', '1502380800');
INSERT INTO `user_role` VALUES ('5070016', '[{\"role\":\"TE\",\"roleName\":\"复核人(普通教师)\"}]', '1', '1502380800');
INSERT INTO `user_role` VALUES ('5070020', '[{\"role\":\"TE\",\"roleName\":\"复核人(普通教师)\"}]', '1', '1502380800');
INSERT INTO `user_role` VALUES ('5070032', '[{\"role\":\"TE\",\"roleName\":\"复核人(普通教师)\"}]', '1', '1502380800');
INSERT INTO `user_role` VALUES ('5070153', '[{\"role\":\"TE\",\"roleName\":\"复核人(普通教师)\"}]', '1', '1502380800');
INSERT INTO `user_role` VALUES ('5070176', '[{\"role\":\"TE\",\"roleName\":\"复核人(普通教师)\"}]', '1', '1502380800');
INSERT INTO `user_role` VALUES ('5070181', '[{\"role\":\"TE\",\"roleName\":\"复核人(普通教师)\"}]', '1', '1502380800');
INSERT INTO `user_role` VALUES ('5070183', '[{\"role\":\"TE\",\"roleName\":\"复核人(普通教师)\"}]', '1', '1502380800');
INSERT INTO `user_role` VALUES ('5070195', '[{\"role\":\"TE\",\"roleName\":\"复核人(普通教师)\"}]', '1', '1502380800');
INSERT INTO `user_role` VALUES ('5070201', '[{\"role\":\"TE\",\"roleName\":\"复核人(普通教师)\"}]', '1', '1502380800');
INSERT INTO `user_role` VALUES ('5070218', '[{\"role\":\"TE\",\"roleName\":\"复核人(普通教师)\"}]', '1', '1502380800');
INSERT INTO `user_role` VALUES ('5070228', '[{\"role\":\"TE\",\"roleName\":\"复核人(普通教师)\"}]', '1', '1502380800');
INSERT INTO `user_role` VALUES ('5070233', '[{\"role\":\"TE\",\"roleName\":\"复核人(普通教师)\"}]', '1', '1502380800');
INSERT INTO `user_role` VALUES ('5080045', '[{\"role\":\"TE\",\"roleName\":\"复核人(普通教师)\"}]', '1', '1502380800');
INSERT INTO `user_role` VALUES ('5080071', '[{\"role\":\"TE\",\"roleName\":\"复核人(普通教师)\"}]', '1', '1502380800');
INSERT INTO `user_role` VALUES ('5080092', '[{\"role\":\"TE\",\"roleName\":\"复核人(普通教师)\"}]', '1', '1502380800');
INSERT INTO `user_role` VALUES ('5080094', '[{\"role\":\"TE\",\"roleName\":\"复核人(普通教师)\"}]', '1', '1502380800');
INSERT INTO `user_role` VALUES ('5080099', '[{\"role\":\"TE\",\"roleName\":\"复核人(普通教师)\"}]', '1', '1502380800');
INSERT INTO `user_role` VALUES ('5080157', '[{\"role\":\"TE\",\"roleName\":\"复核人(普通教师)\"}]', '1', '1502380800');
INSERT INTO `user_role` VALUES ('5080169', '[{\"role\":\"TE\",\"roleName\":\"复核人(普通教师)\"}]', '1', '1502380800');
INSERT INTO `user_role` VALUES ('5080170', '[{\"role\":\"TE\",\"roleName\":\"复核人(普通教师)\"}]', '1', '1502380800');
INSERT INTO `user_role` VALUES ('5080186', '[{\"role\":\"TE\",\"roleName\":\"复核人(普通教师)\"}]', '1', '1502380800');
INSERT INTO `user_role` VALUES ('5080192', '[{\"role\":\"TE\",\"roleName\":\"复核人(普通教师)\"}]', '1', '1502380800');
INSERT INTO `user_role` VALUES ('5080216', '[{\"role\":\"TE\",\"roleName\":\"复核人(普通教师)\"}]', '1', '1502380800');
INSERT INTO `user_role` VALUES ('5080254', '[{\"role\":\"TE\",\"roleName\":\"复核人(普通教师)\"}]', '1', '1502380800');
INSERT INTO `user_role` VALUES ('5090020', '[{\"role\":\"TE\",\"roleName\":\"复核人(普通教师)\"}]', '1', '1502380800');
INSERT INTO `user_role` VALUES ('5090041', '[{\"role\":\"TE\",\"roleName\":\"复核人(普通教师)\"}]', '1', '1502380800');
INSERT INTO `user_role` VALUES ('5090115', '[{\"role\":\"TE\",\"roleName\":\"复核人(普通教师)\"}]', '1', '1502380800');
INSERT INTO `user_role` VALUES ('5090119', '[{\"role\":\"TE\",\"roleName\":\"复核人(普通教师)\"}]', '1', '1502380800');
INSERT INTO `user_role` VALUES ('5090161', '[{\"role\":\"TE\",\"roleName\":\"复核人(普通教师)\"}]', '1', '1502380800');
INSERT INTO `user_role` VALUES ('5090218', '[{\"role\":\"TE\",\"roleName\":\"复核人(普通教师)\"}]', '1', '1502380800');
INSERT INTO `user_role` VALUES ('5090235', '[{\"role\":\"TE\",\"roleName\":\"复核人(普通教师)\"}]', '1', '1502380800');
INSERT INTO `user_role` VALUES ('5090236', '[{\"role\":\"TE\",\"roleName\":\"复核人(普通教师)\"}]', '1', '1502380800');
INSERT INTO `user_role` VALUES ('5110007', '[{\"role\":\"TE\",\"roleName\":\"复核人(普通教师)\"}]', '1', '1502380800');
INSERT INTO `user_role` VALUES ('5110016', '[{\"role\":\"TE\",\"roleName\":\"复核人(普通教师)\"}]', '1', '1502380800');
INSERT INTO `user_role` VALUES ('5110037', '[{\"role\":\"TE\",\"roleName\":\"复核人(普通教师)\"}]', '1', '1502380800');
INSERT INTO `user_role` VALUES ('5120016', '[{\"role\":\"TE\",\"roleName\":\"复核人(普通教师)\"}]', '1', '1502380800');
INSERT INTO `user_role` VALUES ('5120017', '[{\"role\":\"TE\",\"roleName\":\"复核人(普通教师)\"}]', '1', '1502380800');
INSERT INTO `user_role` VALUES ('5120033', '[{\"role\":\"TE\",\"roleName\":\"复核人(普通教师)\"}]', '1', '1502380800');
INSERT INTO `user_role` VALUES ('5120043', '[{\"role\":\"TE\",\"roleName\":\"复核人(普通教师)\"}]', '1', '1502380800');
INSERT INTO `user_role` VALUES ('5120069', '[{\"role\":\"TE\",\"roleName\":\"复核人(普通教师)\"}]', '1', '1502380800');
INSERT INTO `user_role` VALUES ('5120081', '[{\"role\":\"TE\",\"roleName\":\"复核人(普通教师)\"}]', '1', '1502380800');
INSERT INTO `user_role` VALUES ('5130008', '[{\"role\":\"TE\",\"roleName\":\"复核人(普通教师)\"}]', '1', '1502380800');
INSERT INTO `user_role` VALUES ('5130009', '[{\"role\":\"TE\",\"roleName\":\"复核人(普通教师)\"}]', '1', '1502380800');
INSERT INTO `user_role` VALUES ('5130018', '[{\"role\":\"TE\",\"roleName\":\"复核人(普通教师)\"}]', '1', '1502380800');
INSERT INTO `user_role` VALUES ('5130019', '[{\"role\":\"TE\",\"roleName\":\"复核人(普通教师)\"}]', '1', '1502380800');
INSERT INTO `user_role` VALUES ('5130112', '[{\"role\":\"TE\",\"roleName\":\"复核人(普通教师)\"}]', '1', '1502380800');
INSERT INTO `user_role` VALUES ('5130114', '[{\"role\":\"TE\",\"roleName\":\"复核人(普通教师)\"}]', '1', '1502380800');
INSERT INTO `user_role` VALUES ('5130121', '[{\"role\":\"TE\",\"roleName\":\"复核人(普通教师)\"}]', '1', '1502380800');
INSERT INTO `user_role` VALUES ('5130126', '[{\"role\":\"TE\",\"roleName\":\"复核人(普通教师)\"}]', '1', '1502380800');
INSERT INTO `user_role` VALUES ('5140015', '[{\"role\":\"TE\",\"roleName\":\"复核人(普通教师)\"}]', '1', '1502380800');
INSERT INTO `user_role` VALUES ('5140038', '[{\"role\":\"TE\",\"roleName\":\"复核人(普通教师)\"}]', '1', '1502380800');
INSERT INTO `user_role` VALUES ('5140040', '[{\"role\":\"TE\",\"roleName\":\"复核人(普通教师)\"}]', '1', '1502380800');
INSERT INTO `user_role` VALUES ('5140067', '[{\"role\":\"TE\",\"roleName\":\"复核人(普通教师)\"}]', '1', '1502380800');
INSERT INTO `user_role` VALUES ('5140070', '[{\"role\":\"TE\",\"roleName\":\"复核人(普通教师)\"}]', '1', '1502380800');
INSERT INTO `user_role` VALUES ('5140100', '[{\"role\":\"TE\",\"roleName\":\"复核人(普通教师)\"}]', '1', '1502380800');
INSERT INTO `user_role` VALUES ('5140101', '[{\"role\":\"TE\",\"roleName\":\"复核人(普通教师)\"}]', '1', '1502380800');
INSERT INTO `user_role` VALUES ('5140108', '[{\"role\":\"TE\",\"roleName\":\"复核人(普通教师)\"}]', '1', '1502380800');
INSERT INTO `user_role` VALUES ('5142177', '[{\"role\":\"TE\",\"roleName\":\"复核人(普通教师)\"}]', '1', '1502380800');
INSERT INTO `user_role` VALUES ('5162135', '[{\"role\":\"TE\",\"roleName\":\"复核人(普通教师)\"}]', '1', '1502380800');
INSERT INTO `user_role` VALUES ('6000001', '[{\"role\":\"TE\",\"roleName\":\"复核人(普通教师)\"}]', '1', '1502380800');
INSERT INTO `user_role` VALUES ('6110027', '[{\"role\":\"TE\",\"roleName\":\"复核人(普通教师)\"}]', '1', '1502380800');
INSERT INTO `user_role` VALUES ('6120009', '[{\"role\":\"TE\",\"roleName\":\"复核人(普通教师)\"}]', '1', '1502380800');
INSERT INTO `user_role` VALUES ('6120012', '[{\"role\":\"TE\",\"roleName\":\"复核人(普通教师)\"}]', '1', '1502380800');
INSERT INTO `user_role` VALUES ('6120040', '[{\"role\":\"TE\",\"roleName\":\"复核人(普通教师)\"}]', '1', '1502380800');
INSERT INTO `user_role` VALUES ('6120047', '[{\"role\":\"TE\",\"roleName\":\"复核人(普通教师)\"}]', '1', '1502380800');
INSERT INTO `user_role` VALUES ('6120058', '[{\"role\":\"TE\",\"roleName\":\"复核人(普通教师)\"}]', '1', '1502380800');
INSERT INTO `user_role` VALUES ('6130010', '[{\"role\":\"TE\",\"roleName\":\"复核人(普通教师)\"}]', '1', '1502380800');
INSERT INTO `user_role` VALUES ('6130044', '[{\"role\":\"TE\",\"roleName\":\"复核人(普通教师)\"}]', '1', '1502380800');
INSERT INTO `user_role` VALUES ('6130056', '[{\"role\":\"TE\",\"roleName\":\"复核人(普通教师)\"}]', '1', '1502380800');
INSERT INTO `user_role` VALUES ('6130057', '[{\"role\":\"ADMIN\",\"roleName\":\"工作量计算规则配置管理员\"},{\"role\":\"RE\",\"roleName\":\"工作量审核人\"},{\"role\":\"TE\",\"roleName\":\"复核人(普通教师)\"}]', '1', '1502380800');
INSERT INTO `user_role` VALUES ('6130058', '[{\"role\":\"TE\",\"roleName\":\"复核人(普通教师)\"}]', '1', '1502380800');
INSERT INTO `user_role` VALUES ('6142006', '[{\"role\":\"TE\",\"roleName\":\"复核人(普通教师)\"}]', '1', '1502380800');
INSERT INTO `user_role` VALUES ('6156302', '[{\"role\":\"TE\",\"roleName\":\"复核人(普通教师)\"}]', '1', '1502380800');
INSERT INTO `user_role` VALUES ('6156310', '[{\"role\":\"TE\",\"roleName\":\"复核人(普通教师)\"}]', '1', '1502380800');
INSERT INTO `user_role` VALUES ('6156311', '[{\"role\":\"ADMIN\",\"roleName\":\"工作量计算规则配置管理员\"}]', '1', '1502380800');
INSERT INTO `user_role` VALUES ('7140003', '[{\"role\":\"TE\",\"roleName\":\"复核人(普通教师)\"}]', '1', '1502380800');
INSERT INTO `user_role` VALUES ('7140258', '[{\"role\":\"TE\",\"roleName\":\"复核人(普通教师)\"}]', '1', '1502380800');
INSERT INTO `user_role` VALUES ('7141201', '[{\"role\":\"TE\",\"roleName\":\"复核人(普通教师)\"}]', '1', '1502380800');

-- ----------------------------
-- Table structure for `workload_analyze`
-- ----------------------------
DROP TABLE IF EXISTS `workload_analyze`;
CREATE TABLE `workload_analyze` (
  `teacher_id` int(11) NOT NULL,
  `total_workload` double NOT NULL DEFAULT '0',
  `version` varchar(255) NOT NULL,
  `type_one_unchecked` double DEFAULT NULL,
  `type_one_checked` double DEFAULT NULL,
  `type_two_unchecked` double DEFAULT NULL,
  `type_two_checked` double DEFAULT NULL,
  `type_three_unchecked` double DEFAULT NULL,
  `type_three_checked` double DEFAULT NULL,
  PRIMARY KEY (`teacher_id`)
) ENGINE=InnoDB DEFAULT CHARSET=utf8;

-- ----------------------------
-- Records of workload_analyze
-- ----------------------------
